<?xml version='1.0' encoding='UTF-8'?>
<manifest xmlns="http://www.imsglobal.org/xsd/imscp_v1p1" xmlns_xsi="http://www.w3.org/2001/XMLSchema-instance" xsi_schemaLocation="http://www.imsglobal.org/xsd/imscp_v1p1 imscp_v1p1.xsd" identifier="man1">
  <resources>
    <resource identifier="q1" type="imsqti_item_xmlv2p1" href="q1.xml">
      <file href="q1.xml"/>
    </resource>
    <resource identifier="q2" type="imsqti_item_xmlv2p1" href="q2.xml">
      <file href="q2.xml"/>
    </resource>
    <resource identifier="q3" type="imsqti_item_xmlv2p1" href="q3.xml">
      <file href="q3.xml"/>
    </resource>
    <resource identifier="q4" type="imsqti_item_xmlv2p1" href="q4.xml">
      <file href="q4.xml"/>
    </resource>
    <resource identifier="q5" type="imsqti_item_xmlv2p1" href="q5.xml">
      <file href="q5.xml"/>
    </resource>
    <resource identifier="q6" type="imsqti_item_xmlv2p1" href="q6.xml">
      <file href="q6.xml"/>
    </resource>
    <resource identifier="q7" type="imsqti_item_xmlv2p1" href="q7.xml">
      <file href="q7.xml"/>
    </resource>
    <resource identifier="q8" type="imsqti_item_xmlv2p1" href="q8.xml">
      <file href="q8.xml"/>
    </resource>
    <resource identifier="q9" type="imsqti_item_xmlv2p1" href="q9.xml">
      <file href="q9.xml"/>
    </resource>
    <resource identifier="q10" type="imsqti_item_xmlv2p1" href="q10.xml">
      <file href="q10.xml"/>
    </resource>
    <resource identifier="q11" type="imsqti_item_xmlv2p1" href="q11.xml">
      <file href="q11.xml"/>
    </resource>
    <resource identifier="q12" type="imsqti_item_xmlv2p1" href="q12.xml">
      <file href="q12.xml"/>
    </resource>
    <resource identifier="q13" type="imsqti_item_xmlv2p1" href="q13.xml">
      <file href="q13.xml"/>
    </resource>
    <resource identifier="q14" type="imsqti_item_xmlv2p1" href="q14.xml">
      <file href="q14.xml"/>
    </resource>
    <resource identifier="q15" type="imsqti_item_xmlv2p1" href="q15.xml">
      <file href="q15.xml"/>
    </resource>
    <resource identifier="q16" type="imsqti_item_xmlv2p1" href="q16.xml">
      <file href="q16.xml"/>
    </resource>
    <resource identifier="q17" type="imsqti_item_xmlv2p1" href="q17.xml">
      <file href="q17.xml"/>
    </resource>
    <resource identifier="q18" type="imsqti_item_xmlv2p1" href="q18.xml">
      <file href="q18.xml"/>
    </resource>
    <resource identifier="q19" type="imsqti_item_xmlv2p1" href="q19.xml">
      <file href="q19.xml"/>
    </resource>
    <resource identifier="q20" type="imsqti_item_xmlv2p1" href="q20.xml">
      <file href="q20.xml"/>
    </resource>
    <resource identifier="q21" type="imsqti_item_xmlv2p1" href="q21.xml">
      <file href="q21.xml"/>
    </resource>
    <resource identifier="q22" type="imsqti_item_xmlv2p1" href="q22.xml">
      <file href="q22.xml"/>
    </resource>
    <resource identifier="q23" type="imsqti_item_xmlv2p1" href="q23.xml">
      <file href="q23.xml"/>
    </resource>
    <resource identifier="q24" type="imsqti_item_xmlv2p1" href="q24.xml">
      <file href="q24.xml"/>
    </resource>
    <resource identifier="q25" type="imsqti_item_xmlv2p1" href="q25.xml">
      <file href="q25.xml"/>
    </resource>
    <resource identifier="q26" type="imsqti_item_xmlv2p1" href="q26.xml">
      <file href="q26.xml"/>
    </resource>
    <resource identifier="q27" type="imsqti_item_xmlv2p1" href="q27.xml">
      <file href="q27.xml"/>
    </resource>
    <resource identifier="q28" type="imsqti_item_xmlv2p1" href="q28.xml">
      <file href="q28.xml"/>
    </resource>
    <resource identifier="q29" type="imsqti_item_xmlv2p1" href="q29.xml">
      <file href="q29.xml"/>
    </resource>
    <resource identifier="q30" type="imsqti_item_xmlv2p1" href="q30.xml">
      <file href="q30.xml"/>
    </resource>
    <resource identifier="q31" type="imsqti_item_xmlv2p1" href="q31.xml">
      <file href="q31.xml"/>
    </resource>
    <resource identifier="q32" type="imsqti_item_xmlv2p1" href="q32.xml">
      <file href="q32.xml"/>
    </resource>
    <resource identifier="q33" type="imsqti_item_xmlv2p1" href="q33.xml">
      <file href="q33.xml"/>
    </resource>
    <resource identifier="q34" type="imsqti_item_xmlv2p1" href="q34.xml">
      <file href="q34.xml"/>
    </resource>
    <resource identifier="q35" type="imsqti_item_xmlv2p1" href="q35.xml">
      <file href="q35.xml"/>
    </resource>
    <resource identifier="q36" type="imsqti_item_xmlv2p1" href="q36.xml">
      <file href="q36.xml"/>
    </resource>
    <resource identifier="q37" type="imsqti_item_xmlv2p1" href="q37.xml">
      <file href="q37.xml"/>
    </resource>
    <resource identifier="q38" type="imsqti_item_xmlv2p1" href="q38.xml">
      <file href="q38.xml"/>
    </resource>
    <resource identifier="q39" type="imsqti_item_xmlv2p1" href="q39.xml">
      <file href="q39.xml"/>
    </resource>
    <resource identifier="q40" type="imsqti_item_xmlv2p1" href="q40.xml">
      <file href="q40.xml"/>
    </resource>
    <resource identifier="q41" type="imsqti_item_xmlv2p1" href="q41.xml">
      <file href="q41.xml"/>
    </resource>
    <resource identifier="q42" type="imsqti_item_xmlv2p1" href="q42.xml">
      <file href="q42.xml"/>
    </resource>
    <resource identifier="q43" type="imsqti_item_xmlv2p1" href="q43.xml">
      <file href="q43.xml"/>
    </resource>
    <resource identifier="q44" type="imsqti_item_xmlv2p1" href="q44.xml">
      <file href="q44.xml"/>
    </resource>
    <resource identifier="q45" type="imsqti_item_xmlv2p1" href="q45.xml">
      <file href="q45.xml"/>
    </resource>
    <resource identifier="q46" type="imsqti_item_xmlv2p1" href="q46.xml">
      <file href="q46.xml"/>
    </resource>
    <resource identifier="q47" type="imsqti_item_xmlv2p1" href="q47.xml">
      <file href="q47.xml"/>
    </resource>
    <resource identifier="q48" type="imsqti_item_xmlv2p1" href="q48.xml">
      <file href="q48.xml"/>
    </resource>
    <resource identifier="q49" type="imsqti_item_xmlv2p1" href="q49.xml">
      <file href="q49.xml"/>
    </resource>
    <resource identifier="q50" type="imsqti_item_xmlv2p1" href="q50.xml">
      <file href="q50.xml"/>
    </resource>
    <resource identifier="q51" type="imsqti_item_xmlv2p1" href="q51.xml">
      <file href="q51.xml"/>
    </resource>
    <resource identifier="q52" type="imsqti_item_xmlv2p1" href="q52.xml">
      <file href="q52.xml"/>
    </resource>
    <resource identifier="q53" type="imsqti_item_xmlv2p1" href="q53.xml">
      <file href="q53.xml"/>
    </resource>
    <resource identifier="q54" type="imsqti_item_xmlv2p1" href="q54.xml">
      <file href="q54.xml"/>
    </resource>
    <resource identifier="q55" type="imsqti_item_xmlv2p1" href="q55.xml">
      <file href="q55.xml"/>
    </resource>
    <resource identifier="q56" type="imsqti_item_xmlv2p1" href="q56.xml">
      <file href="q56.xml"/>
    </resource>
    <resource identifier="q57" type="imsqti_item_xmlv2p1" href="q57.xml">
      <file href="q57.xml"/>
    </resource>
    <resource identifier="q58" type="imsqti_item_xmlv2p1" href="q58.xml">
      <file href="q58.xml"/>
    </resource>
    <resource identifier="q59" type="imsqti_item_xmlv2p1" href="q59.xml">
      <file href="q59.xml"/>
    </resource>
    <resource identifier="q60" type="imsqti_item_xmlv2p1" href="q60.xml">
      <file href="q60.xml"/>
    </resource>
    <resource identifier="q61" type="imsqti_item_xmlv2p1" href="q61.xml">
      <file href="q61.xml"/>
    </resource>
    <resource identifier="q62" type="imsqti_item_xmlv2p1" href="q62.xml">
      <file href="q62.xml"/>
    </resource>
    <resource identifier="q63" type="imsqti_item_xmlv2p1" href="q63.xml">
      <file href="q63.xml"/>
    </resource>
    <resource identifier="q64" type="imsqti_item_xmlv2p1" href="q64.xml">
      <file href="q64.xml"/>
    </resource>
    <resource identifier="q65" type="imsqti_item_xmlv2p1" href="q65.xml">
      <file href="q65.xml"/>
    </resource>
    <resource identifier="q66" type="imsqti_item_xmlv2p1" href="q66.xml">
      <file href="q66.xml"/>
    </resource>
    <resource identifier="q67" type="imsqti_item_xmlv2p1" href="q67.xml">
      <file href="q67.xml"/>
    </resource>
    <resource identifier="q68" type="imsqti_item_xmlv2p1" href="q68.xml">
      <file href="q68.xml"/>
    </resource>
    <resource identifier="q69" type="imsqti_item_xmlv2p1" href="q69.xml">
      <file href="q69.xml"/>
    </resource>
    <resource identifier="q70" type="imsqti_item_xmlv2p1" href="q70.xml">
      <file href="q70.xml"/>
    </resource>
    <resource identifier="q71" type="imsqti_item_xmlv2p1" href="q71.xml">
      <file href="q71.xml"/>
    </resource>
    <resource identifier="q72" type="imsqti_item_xmlv2p1" href="q72.xml">
      <file href="q72.xml"/>
    </resource>
    <resource identifier="q73" type="imsqti_item_xmlv2p1" href="q73.xml">
      <file href="q73.xml"/>
    </resource>
    <resource identifier="q74" type="imsqti_item_xmlv2p1" href="q74.xml">
      <file href="q74.xml"/>
    </resource>
    <resource identifier="q75" type="imsqti_item_xmlv2p1" href="q75.xml">
      <file href="q75.xml"/>
    </resource>
    <resource identifier="q76" type="imsqti_item_xmlv2p1" href="q76.xml">
      <file href="q76.xml"/>
    </resource>
    <resource identifier="q77" type="imsqti_item_xmlv2p1" href="q77.xml">
      <file href="q77.xml"/>
    </resource>
    <resource identifier="q78" type="imsqti_item_xmlv2p1" href="q78.xml">
      <file href="q78.xml"/>
    </resource>
    <resource identifier="q79" type="imsqti_item_xmlv2p1" href="q79.xml">
      <file href="q79.xml"/>
    </resource>
    <resource identifier="q80" type="imsqti_item_xmlv2p1" href="q80.xml">
      <file href="q80.xml"/>
    </resource>
    <resource identifier="q81" type="imsqti_item_xmlv2p1" href="q81.xml">
      <file href="q81.xml"/>
    </resource>
    <resource identifier="q82" type="imsqti_item_xmlv2p1" href="q82.xml">
      <file href="q82.xml"/>
    </resource>
    <resource identifier="q83" type="imsqti_item_xmlv2p1" href="q83.xml">
      <file href="q83.xml"/>
    </resource>
    <resource identifier="q84" type="imsqti_item_xmlv2p1" href="q84.xml">
      <file href="q84.xml"/>
    </resource>
  </resources>
</manifest>
