<?xml version='1.0' encoding='UTF-8'?>
<assessmentItem xmlns="http://www.imsglobal.org/xsd/imsqti_v2p1" identifier="q1" title="Question 1" adaptive="false" timeDependent="false">
  <itemBody>
    <p>Which of these types is used to represent a number with a fraction part?</p>
    <choiceInteraction responseIdentifier="RESPONSE" maxChoices="1">
      <simpleChoice identifier="Choice1">`int`</simpleChoice>
      <simpleChoice identifier="Choice2">`real`</simpleChoice>
      <simpleChoice identifier="Choice3">`string`</simpleChoice>
      <simpleChoice identifier="Choice4">`float`</simpleChoice>
    </choiceInteraction>
  </itemBody>
  <responseDeclaration identifier="RESPONSE" cardinality="single" baseType="identifier">
    <correctResponse>
      <value>Choice4</value>
    </correctResponse>
  </responseDeclaration>
</assessmentItem>
