<?xml version='1.0' encoding='UTF-8'?>
<assessmentItem xmlns="http://www.imsglobal.org/xsd/imsqti_v2p1" identifier="q10" title="Question 10" adaptive="false" timeDependent="false">
  <itemBody>
    <p>Which kind of statement can be used to run a line of code more than once?</p>
    <choiceInteraction responseIdentifier="RESPONSE" maxChoices="1">
      <simpleChoice identifier="Choice1">assignment statement</simpleChoice>
      <simpleChoice identifier="Choice2">import statement</simpleChoice>
      <simpleChoice identifier="Choice3">print statement</simpleChoice>
      <simpleChoice identifier="Choice4">`for` statement</simpleChoice>
    </choiceInteraction>
  </itemBody>
  <responseDeclaration identifier="RESPONSE" cardinality="single" baseType="identifier">
    <correctResponse>
      <value>Choice4</value>
    </correctResponse>
  </responseDeclaration>
</assessmentItem>
