<?xml version='1.0' encoding='UTF-8'?>
<assessmentItem xmlns="http://www.imsglobal.org/xsd/imsqti_v2p1" identifier="q11" title="Question 11" adaptive="false" timeDependent="false">
  <itemBody>
    <p>What is wrong with this function, if anything?

```
def bottle_line(n, suffix):
    print(n)
    print('bottles of beer')
    print(suffix)
```</p>
    <choiceInteraction responseIdentifier="RESPONSE" maxChoices="1">
      <simpleChoice identifier="Choice1">Instead of `def`, the first word should be `define`.</simpleChoice>
      <simpleChoice identifier="Choice2">You can't have more than one parameter in parentheses.</simpleChoice>
      <simpleChoice identifier="Choice3">Only the first statement of the body should be indented.</simpleChoice>
      <simpleChoice identifier="Choice4">There are no errors in this function.</simpleChoice>
    </choiceInteraction>
  </itemBody>
  <responseDeclaration identifier="RESPONSE" cardinality="single" baseType="identifier">
    <correctResponse>
      <value>Choice4</value>
    </correctResponse>
  </responseDeclaration>
</assessmentItem>
