<?xml version='1.0' encoding='UTF-8'?>
<assessmentItem xmlns="http://www.imsglobal.org/xsd/imsqti_v2p1" identifier="q12" title="Question 12" adaptive="false" timeDependent="false">
  <itemBody>
    <p>What is wrong with this function, if anything?

```
def square(length):
    for i in range(4):
        forward(50)
        left(90)
```</p>
    <choiceInteraction responseIdentifier="RESPONSE" maxChoices="1">
      <simpleChoice identifier="Choice1">The indentation of the statements in the `for` loop is incorrect.</simpleChoice>
      <simpleChoice identifier="Choice2">It does not bring the Turtle back to where it started.</simpleChoice>
      <simpleChoice identifier="Choice3">There are no errors in this function.</simpleChoice>
      <simpleChoice identifier="Choice4">It always draws the same size square, regardless of `length`.</simpleChoice>
    </choiceInteraction>
  </itemBody>
  <responseDeclaration identifier="RESPONSE" cardinality="single" baseType="identifier">
    <correctResponse>
      <value>Choice4</value>
    </correctResponse>
  </responseDeclaration>
</assessmentItem>
