<?xml version='1.0' encoding='UTF-8'?>
<assessmentItem xmlns="http://www.imsglobal.org/xsd/imsqti_v2p1" identifier="q13" title="Question 13" adaptive="false" timeDependent="false">
  <itemBody>
    <p>What is it called when you put working statements into a new function definition?</p>
    <choiceInteraction responseIdentifier="RESPONSE" maxChoices="1">
      <simpleChoice identifier="Choice1">generalization</simpleChoice>
      <simpleChoice identifier="Choice2">indentation</simpleChoice>
      <simpleChoice identifier="Choice3">debugging</simpleChoice>
      <simpleChoice identifier="Choice4">encapsulation</simpleChoice>
    </choiceInteraction>
  </itemBody>
  <responseDeclaration identifier="RESPONSE" cardinality="single" baseType="identifier">
    <correctResponse>
      <value>Choice4</value>
    </correctResponse>
  </responseDeclaration>
</assessmentItem>
