<?xml version='1.0' encoding='UTF-8'?>
<assessmentItem xmlns="http://www.imsglobal.org/xsd/imsqti_v2p1" identifier="q14" title="Question 14" adaptive="false" timeDependent="false">
  <itemBody>
    <p>Here are two versions of the `circle` function. 

```
def circle(radius):
    circumference = 2 * math.pi * radius
    n = 30
    length = circumference / n
    polygon(n, length)

def circle(radius):
    arc(radius,  360)
```

What can we say about these functions?</p>
    <choiceInteraction responseIdentifier="RESPONSE" maxChoices="1">
      <simpleChoice identifier="Choice1">They have the same implementation, but different interfaces.</simpleChoice>
      <simpleChoice identifier="Choice2">They have the same interface _and_ the same implementation.</simpleChoice>
      <simpleChoice identifier="Choice3">They have neither the same interface nor the same implementation.</simpleChoice>
      <simpleChoice identifier="Choice4">They have the same interface, but different implementations.</simpleChoice>
    </choiceInteraction>
  </itemBody>
  <responseDeclaration identifier="RESPONSE" cardinality="single" baseType="identifier">
    <correctResponse>
      <value>Choice4</value>
    </correctResponse>
  </responseDeclaration>
</assessmentItem>
