<?xml version='1.0' encoding='UTF-8'?>
<assessmentItem xmlns="http://www.imsglobal.org/xsd/imsqti_v2p1" identifier="q15" title="Question 15" adaptive="false" timeDependent="false">
  <itemBody>
    <p>What is the result of these assignment statements?

```
a = 25 // 10
b = 25 % 10
```</p>
    <choiceInteraction responseIdentifier="RESPONSE" maxChoices="1">
      <simpleChoice identifier="Choice1">`a` is `2.5` and `b` is `5`</simpleChoice>
      <simpleChoice identifier="Choice2">`a` is `2` and `b` is `250`</simpleChoice>
      <simpleChoice identifier="Choice3">`a` is `2.5` and `b` is `250`</simpleChoice>
      <simpleChoice identifier="Choice4">`a` is `2` and `b` is `5`</simpleChoice>
    </choiceInteraction>
  </itemBody>
  <responseDeclaration identifier="RESPONSE" cardinality="single" baseType="identifier">
    <correctResponse>
      <value>Choice4</value>
    </correctResponse>
  </responseDeclaration>
</assessmentItem>
