<?xml version='1.0' encoding='UTF-8'?>
<assessmentItem xmlns="http://www.imsglobal.org/xsd/imsqti_v2p1" identifier="q16" title="Question 16" adaptive="false" timeDependent="false">
  <itemBody>
    <p>What is the result of these statements?
```
x = 5
print(x &gt; 5)
print(x &lt;= 5)
```</p>
    <choiceInteraction responseIdentifier="RESPONSE" maxChoices="1">
      <simpleChoice identifier="Choice1">They print the values `True` and `True`</simpleChoice>
      <simpleChoice identifier="Choice2">They print the values `True` and `False`</simpleChoice>
      <simpleChoice identifier="Choice3">They print the values `False` and `False`</simpleChoice>
      <simpleChoice identifier="Choice4">They print the values `False` and `True`</simpleChoice>
    </choiceInteraction>
  </itemBody>
  <responseDeclaration identifier="RESPONSE" cardinality="single" baseType="identifier">
    <correctResponse>
      <value>Choice4</value>
    </correctResponse>
  </responseDeclaration>
</assessmentItem>
