<?xml version='1.0' encoding='UTF-8'?>
<assessmentItem xmlns="http://www.imsglobal.org/xsd/imsqti_v2p1" identifier="q17" title="Question 17" adaptive="false" timeDependent="false">
  <itemBody>
    <p>What is the result of calling this function?
```
def hello():
    print('hello')
    hello()
```</p>
    <choiceInteraction responseIdentifier="RESPONSE" maxChoices="1">
      <simpleChoice identifier="Choice1">It prints `hello` once.</simpleChoice>
      <simpleChoice identifier="Choice2">It prints `hello` forever.</simpleChoice>
      <simpleChoice identifier="Choice3">It causes an error the first time `hello` tries to call itself.</simpleChoice>
      <simpleChoice identifier="Choice4">It prints `hello` many times and then causes an error.</simpleChoice>
    </choiceInteraction>
  </itemBody>
  <responseDeclaration identifier="RESPONSE" cardinality="single" baseType="identifier">
    <correctResponse>
      <value>Choice4</value>
    </correctResponse>
  </responseDeclaration>
</assessmentItem>
