<?xml version='1.0' encoding='UTF-8'?>
<assessmentItem xmlns="http://www.imsglobal.org/xsd/imsqti_v2p1" identifier="q18" title="Question 18" adaptive="false" timeDependent="false">
  <itemBody>
    <p>What kind of operator is `or`?</p>
    <choiceInteraction responseIdentifier="RESPONSE" maxChoices="1">
      <simpleChoice identifier="Choice1">arithmetic</simpleChoice>
      <simpleChoice identifier="Choice2">bitwise</simpleChoice>
      <simpleChoice identifier="Choice3">relational</simpleChoice>
      <simpleChoice identifier="Choice4">logical</simpleChoice>
    </choiceInteraction>
  </itemBody>
  <responseDeclaration identifier="RESPONSE" cardinality="single" baseType="identifier">
    <correctResponse>
      <value>Choice4</value>
    </correctResponse>
  </responseDeclaration>
</assessmentItem>
