<?xml version='1.0' encoding='UTF-8'?>
<assessmentItem xmlns="http://www.imsglobal.org/xsd/imsqti_v2p1" identifier="q19" title="Question 19" adaptive="false" timeDependent="false">
  <itemBody>
    <p>What is the return value if we call this function with the value `3`?

```
def collatz(x):
    if x % 2 == 0:
        return x // 2
    else:
        return x * 3 + 1
```</p>
    <choiceInteraction responseIdentifier="RESPONSE" maxChoices="1">
      <simpleChoice identifier="Choice1">`1`</simpleChoice>
      <simpleChoice identifier="Choice2">`1.5`</simpleChoice>
      <simpleChoice identifier="Choice3">It causes an error.</simpleChoice>
      <simpleChoice identifier="Choice4">`10`</simpleChoice>
    </choiceInteraction>
  </itemBody>
  <responseDeclaration identifier="RESPONSE" cardinality="single" baseType="identifier">
    <correctResponse>
      <value>Choice4</value>
    </correctResponse>
  </responseDeclaration>
</assessmentItem>
