<?xml version='1.0' encoding='UTF-8'?>
<assessmentItem xmlns="http://www.imsglobal.org/xsd/imsqti_v2p1" identifier="q2" title="Question 2" adaptive="false" timeDependent="false">
  <itemBody>
    <p>Which of these is a legal expression?</p>
    <choiceInteraction responseIdentifier="RESPONSE" maxChoices="1">
      <simpleChoice identifier="Choice1">`'1' / '2'`</simpleChoice>
      <simpleChoice identifier="Choice2">`'1' * '2'`</simpleChoice>
      <simpleChoice identifier="Choice3">`'1' / 2`</simpleChoice>
      <simpleChoice identifier="Choice4">`'1' * 2`</simpleChoice>
    </choiceInteraction>
  </itemBody>
  <responseDeclaration identifier="RESPONSE" cardinality="single" baseType="identifier">
    <correctResponse>
      <value>Choice4</value>
    </correctResponse>
  </responseDeclaration>
</assessmentItem>
