<?xml version='1.0' encoding='UTF-8'?>
<assessmentItem xmlns="http://www.imsglobal.org/xsd/imsqti_v2p1" identifier="q20" title="Question 20" adaptive="false" timeDependent="false">
  <itemBody>
    <p>What do we call a function that does not print anything or have any effect other than a return value?</p>
    <choiceInteraction responseIdentifier="RESPONSE" maxChoices="1">
      <simpleChoice identifier="Choice1">recursive</simpleChoice>
      <simpleChoice identifier="Choice2">dead code</simpleChoice>
      <simpleChoice identifier="Choice3">incremental</simpleChoice>
      <simpleChoice identifier="Choice4">pure function</simpleChoice>
    </choiceInteraction>
  </itemBody>
  <responseDeclaration identifier="RESPONSE" cardinality="single" baseType="identifier">
    <correctResponse>
      <value>Choice4</value>
    </correctResponse>
  </responseDeclaration>
</assessmentItem>
