<?xml version='1.0' encoding='UTF-8'?>
<assessmentItem xmlns="http://www.imsglobal.org/xsd/imsqti_v2p1" identifier="q21" title="Question 21" adaptive="false" timeDependent="false">
  <itemBody>
    <p>What is the result of calling this function with the values `x=1.5` and `y=1.6`?

```
def is_close(x, y):
    return abs(x - y) &lt; 0.2
```</p>
    <choiceInteraction responseIdentifier="RESPONSE" maxChoices="1">
      <simpleChoice identifier="Choice1">There is a syntax error.</simpleChoice>
      <simpleChoice identifier="Choice2">There is a runtime error.</simpleChoice>
      <simpleChoice identifier="Choice3">`False`</simpleChoice>
      <simpleChoice identifier="Choice4">`True`</simpleChoice>
    </choiceInteraction>
  </itemBody>
  <responseDeclaration identifier="RESPONSE" cardinality="single" baseType="identifier">
    <correctResponse>
      <value>Choice4</value>
    </correctResponse>
  </responseDeclaration>
</assessmentItem>
