<?xml version='1.0' encoding='UTF-8'?>
<assessmentItem xmlns="http://www.imsglobal.org/xsd/imsqti_v2p1" identifier="q22" title="Question 22" adaptive="false" timeDependent="false">
  <itemBody>
    <p>This function is supposed to return `True` if `word` contains with `'A'` or `'a'`, and `False` otherwise. But it doesn't work -- What's wrong?

```
def has_a(word):
    for letter in word.lower():
        if letter == 'a':
            return True
        else:
            return False
        return False
```</p>
    <choiceInteraction responseIdentifier="RESPONSE" maxChoices="1">
      <simpleChoice identifier="Choice1">The first line of the for statement has a syntax error.</simpleChoice>
      <simpleChoice identifier="Choice2">It only checks for lowercase `'a'`, not uppercase `'A'`.</simpleChoice>
      <simpleChoice identifier="Choice3">It causes a runtime error if `word` is an empty string.</simpleChoice>
      <simpleChoice identifier="Choice4">It only checks the first letter of `word`.</simpleChoice>
    </choiceInteraction>
  </itemBody>
  <responseDeclaration identifier="RESPONSE" cardinality="single" baseType="identifier">
    <correctResponse>
      <value>Choice4</value>
    </correctResponse>
  </responseDeclaration>
</assessmentItem>
