<?xml version='1.0' encoding='UTF-8'?>
<assessmentItem xmlns="http://www.imsglobal.org/xsd/imsqti_v2p1" identifier="q23" title="Question 23" adaptive="false" timeDependent="false">
  <itemBody>
    <p>Which of these is a legal way to increment `x`, assuming it has already been assigned a value.</p>
    <choiceInteraction responseIdentifier="RESPONSE" maxChoices="1">
      <simpleChoice identifier="Choice1">`x++`</simpleChoice>
      <simpleChoice identifier="Choice2">`x + 1 = x`</simpleChoice>
      <simpleChoice identifier="Choice3">`x = +1`</simpleChoice>
      <simpleChoice identifier="Choice4">`x = x + 1`</simpleChoice>
    </choiceInteraction>
  </itemBody>
  <responseDeclaration identifier="RESPONSE" cardinality="single" baseType="identifier">
    <correctResponse>
      <value>Choice4</value>
    </correctResponse>
  </responseDeclaration>
</assessmentItem>
