<?xml version='1.0' encoding='UTF-8'?>
<assessmentItem xmlns="http://www.imsglobal.org/xsd/imsqti_v2p1" identifier="q24" title="Question 24" adaptive="false" timeDependent="false">
  <itemBody>
    <p>What does this function do?

```
def check(word, letters):
    for letter in word.lower():
        if letter in letters.lower():
            return False
    return True
```</p>
    <choiceInteraction responseIdentifier="RESPONSE" maxChoices="1">
      <simpleChoice identifier="Choice1">Returns `True` if any of the letters in `letters` appear in `word`.</simpleChoice>
      <simpleChoice identifier="Choice2">Returns `True` if any of the letters in `word` appear in `letter`.</simpleChoice>
      <simpleChoice identifier="Choice3">Returns `True` if none of the letters in `word` appear in `letter`.</simpleChoice>
      <simpleChoice identifier="Choice4">Returns `True` if none of the letters in `letters` appear in `word`.</simpleChoice>
    </choiceInteraction>
  </itemBody>
  <responseDeclaration identifier="RESPONSE" cardinality="single" baseType="identifier">
    <correctResponse>
      <value>Choice4</value>
    </correctResponse>
  </responseDeclaration>
</assessmentItem>
