<?xml version='1.0' encoding='UTF-8'?>
<assessmentItem xmlns="http://www.imsglobal.org/xsd/imsqti_v2p1" identifier="q25" title="Question 25" adaptive="false" timeDependent="false">
  <itemBody>
    <p>What is the result of this comparison: `'Orange' &lt; 'apple'`?</p>
    <choiceInteraction responseIdentifier="RESPONSE" maxChoices="1">
      <simpleChoice identifier="Choice1">`False`</simpleChoice>
      <simpleChoice identifier="Choice2">Syntax error</simpleChoice>
      <simpleChoice identifier="Choice3">Runtime error, because you can't compare apples and oranges.</simpleChoice>
      <simpleChoice identifier="Choice4">`True`</simpleChoice>
    </choiceInteraction>
  </itemBody>
  <responseDeclaration identifier="RESPONSE" cardinality="single" baseType="identifier">
    <correctResponse>
      <value>Choice4</value>
    </correctResponse>
  </responseDeclaration>
</assessmentItem>
