<?xml version='1.0' encoding='UTF-8'?>
<assessmentItem xmlns="http://www.imsglobal.org/xsd/imsqti_v2p1" identifier="q26" title="Question 26" adaptive="false" timeDependent="false">
  <itemBody>
    <p>Which of these is the correct way to invoke the `lower` method on a string called `s`?</p>
    <choiceInteraction responseIdentifier="RESPONSE" maxChoices="1">
      <simpleChoice identifier="Choice1">lower(s)</simpleChoice>
      <simpleChoice identifier="Choice2">string.lower(s)</simpleChoice>
      <simpleChoice identifier="Choice3">s.lower(string)</simpleChoice>
      <simpleChoice identifier="Choice4">s.lower()</simpleChoice>
    </choiceInteraction>
  </itemBody>
  <responseDeclaration identifier="RESPONSE" cardinality="single" baseType="identifier">
    <correctResponse>
      <value>Choice4</value>
    </correctResponse>
  </responseDeclaration>
</assessmentItem>
