<?xml version='1.0' encoding='UTF-8'?>
<assessmentItem xmlns="http://www.imsglobal.org/xsd/imsqti_v2p1" identifier="q27" title="Question 27" adaptive="false" timeDependent="false">
  <itemBody>
    <p>If we use the `search` function in the `re` module, which of the following strings matches this pattern: `r'ab?c$'`?</p>
    <choiceInteraction responseIdentifier="RESPONSE" maxChoices="1">
      <simpleChoice identifier="Choice1">`'ab?c$'`</simpleChoice>
      <simpleChoice identifier="Choice2">`'abcd'`</simpleChoice>
      <simpleChoice identifier="Choice3">`'abbc'`</simpleChoice>
      <simpleChoice identifier="Choice4">`'zac'`</simpleChoice>
    </choiceInteraction>
  </itemBody>
  <responseDeclaration identifier="RESPONSE" cardinality="single" baseType="identifier">
    <correctResponse>
      <value>Choice4</value>
    </correctResponse>
  </responseDeclaration>
</assessmentItem>
