<?xml version='1.0' encoding='UTF-8'?>
<assessmentItem xmlns="http://www.imsglobal.org/xsd/imsqti_v2p1" identifier="q28" title="Question 28" adaptive="false" timeDependent="false">
  <itemBody>
    <p>What is the value of `t` after running these statements?

```
t = [1, 2, 3]
t.pop(1)
t.append(2)
t.remove(3)
```</p>
    <choiceInteraction responseIdentifier="RESPONSE" maxChoices="1">
      <simpleChoice identifier="Choice1">`[2, 2]`</simpleChoice>
      <simpleChoice identifier="Choice2">`[1, 3]`</simpleChoice>
      <simpleChoice identifier="Choice3">`[1, 2, 3]`</simpleChoice>
      <simpleChoice identifier="Choice4">`[1, 2]`</simpleChoice>
    </choiceInteraction>
  </itemBody>
  <responseDeclaration identifier="RESPONSE" cardinality="single" baseType="identifier">
    <correctResponse>
      <value>Choice4</value>
    </correctResponse>
  </responseDeclaration>
</assessmentItem>
