<?xml version='1.0' encoding='UTF-8'?>
<assessmentItem xmlns="http://www.imsglobal.org/xsd/imsqti_v2p1" identifier="q29" title="Question 29" adaptive="false" timeDependent="false">
  <itemBody>
    <p>What is the value of `b` after running these statements?

```
a = [1, 2, 3]
b = a
a.remove(2)
```</p>
    <choiceInteraction responseIdentifier="RESPONSE" maxChoices="1">
      <simpleChoice identifier="Choice1">`[1, 2]`</simpleChoice>
      <simpleChoice identifier="Choice2">`[1, 2, 3]`</simpleChoice>
      <simpleChoice identifier="Choice3">Runtime error</simpleChoice>
      <simpleChoice identifier="Choice4">`[1, 3]`</simpleChoice>
    </choiceInteraction>
  </itemBody>
  <responseDeclaration identifier="RESPONSE" cardinality="single" baseType="identifier">
    <correctResponse>
      <value>Choice4</value>
    </correctResponse>
  </responseDeclaration>
</assessmentItem>
