<?xml version='1.0' encoding='UTF-8'?>
<assessmentItem xmlns="http://www.imsglobal.org/xsd/imsqti_v2p1" identifier="q3" title="Question 3" adaptive="false" timeDependent="false">
  <itemBody>
    <p>Which of these is the general word for any value used in a mathematical operation like addition or multiplication?</p>
    <choiceInteraction responseIdentifier="RESPONSE" maxChoices="1">
      <simpleChoice identifier="Choice1">term</simpleChoice>
      <simpleChoice identifier="Choice2">factor</simpleChoice>
      <simpleChoice identifier="Choice3">divisor</simpleChoice>
      <simpleChoice identifier="Choice4">operand</simpleChoice>
    </choiceInteraction>
  </itemBody>
  <responseDeclaration identifier="RESPONSE" cardinality="single" baseType="identifier">
    <correctResponse>
      <value>Choice4</value>
    </correctResponse>
  </responseDeclaration>
</assessmentItem>
