<?xml version='1.0' encoding='UTF-8'?>
<assessmentItem xmlns="http://www.imsglobal.org/xsd/imsqti_v2p1" identifier="q30" title="Question 30" adaptive="false" timeDependent="false">
  <itemBody>
    <p>What can we say about two lists created like this:

```
a = [1, 2, 3]
b = [1, 2, 3]
```</p>
    <choiceInteraction responseIdentifier="RESPONSE" maxChoices="1">
      <simpleChoice identifier="Choice1">They are equivalent and identical.</simpleChoice>
      <simpleChoice identifier="Choice2">They are identical but not equivalent.</simpleChoice>
      <simpleChoice identifier="Choice3">They are not equivalent and not identical.</simpleChoice>
      <simpleChoice identifier="Choice4">They are equivalent but not identical.</simpleChoice>
    </choiceInteraction>
  </itemBody>
  <responseDeclaration identifier="RESPONSE" cardinality="single" baseType="identifier">
    <correctResponse>
      <value>Choice4</value>
    </correctResponse>
  </responseDeclaration>
</assessmentItem>
