<?xml version='1.0' encoding='UTF-8'?>
<assessmentItem xmlns="http://www.imsglobal.org/xsd/imsqti_v2p1" identifier="q31" title="Question 31" adaptive="false" timeDependent="false">
  <itemBody>
    <p>What is the value of the dictionary `d` after these statements run?

```
d = {'a': 1, 'b': 2}
d['a'] = 3
```</p>
    <choiceInteraction responseIdentifier="RESPONSE" maxChoices="1">
      <simpleChoice identifier="Choice1">`{'a': 1, 'b': 2, 'a': 3}`</simpleChoice>
      <simpleChoice identifier="Choice2">`{'a': 1, 'b': 2}`</simpleChoice>
      <simpleChoice identifier="Choice3">These statements cause a runtime error</simpleChoice>
      <simpleChoice identifier="Choice4">`{'a': 3, 'b': 2}`</simpleChoice>
    </choiceInteraction>
  </itemBody>
  <responseDeclaration identifier="RESPONSE" cardinality="single" baseType="identifier">
    <correctResponse>
      <value>Choice4</value>
    </correctResponse>
  </responseDeclaration>
</assessmentItem>
