<?xml version='1.0' encoding='UTF-8'?>
<assessmentItem xmlns="http://www.imsglobal.org/xsd/imsqti_v2p1" identifier="q32" title="Question 32" adaptive="false" timeDependent="false">
  <itemBody>
    <p>What is the value of the dictionary `d` after running these statements?

```
d = {'a': 1, 'b': 2}
d['c'] += 1
```</p>
    <choiceInteraction responseIdentifier="RESPONSE" maxChoices="1">
      <simpleChoice identifier="Choice1">`{'a': 1, 'b': 2}`</simpleChoice>
      <simpleChoice identifier="Choice2">`{'a': 1, 'b': 2, 'c': 1}`</simpleChoice>
      <simpleChoice identifier="Choice3">`{'a': 1, 'b': 2, 'c': 3}`</simpleChoice>
      <simpleChoice identifier="Choice4">These statements cause a runtime error.</simpleChoice>
    </choiceInteraction>
  </itemBody>
  <responseDeclaration identifier="RESPONSE" cardinality="single" baseType="identifier">
    <correctResponse>
      <value>Choice4</value>
    </correctResponse>
  </responseDeclaration>
</assessmentItem>
