<?xml version='1.0' encoding='UTF-8'?>
<assessmentItem xmlns="http://www.imsglobal.org/xsd/imsqti_v2p1" identifier="q33" title="Question 33" adaptive="false" timeDependent="false">
  <itemBody>
    <p>What happens when the following statements run?

```
d1 = {'a': 1, 'b': 2}
d2 = {d1: 3}
```</p>
    <choiceInteraction responseIdentifier="RESPONSE" maxChoices="1">
      <simpleChoice identifier="Choice1">They add `d1` as a key in `d3`.</simpleChoice>
      <simpleChoice identifier="Choice2">They cause a `KeyError` because `d1` is not in `d2`.</simpleChoice>
      <simpleChoice identifier="Choice3">They cause a `ValueError` because `3` cannot appear as a value in a dictionary.</simpleChoice>
      <simpleChoice identifier="Choice4">They cause a `TypeError` because a dictionary cannot appear as a key in a dictionary.</simpleChoice>
    </choiceInteraction>
  </itemBody>
  <responseDeclaration identifier="RESPONSE" cardinality="single" baseType="identifier">
    <correctResponse>
      <value>Choice4</value>
    </correctResponse>
  </responseDeclaration>
</assessmentItem>
