<?xml version='1.0' encoding='UTF-8'?>
<assessmentItem xmlns="http://www.imsglobal.org/xsd/imsqti_v2p1" identifier="q34" title="Question 34" adaptive="false" timeDependent="false">
  <itemBody>
    <p>Which one of these expressions is NOT a tuple?</p>
    <choiceInteraction responseIdentifier="RESPONSE" maxChoices="1">
      <simpleChoice identifier="Choice1">`tuple('abc')`</simpleChoice>
      <simpleChoice identifier="Choice2">`'abc',`</simpleChoice>
      <simpleChoice identifier="Choice3">`('abc',)`</simpleChoice>
      <simpleChoice identifier="Choice4">`('abc')`</simpleChoice>
    </choiceInteraction>
  </itemBody>
  <responseDeclaration identifier="RESPONSE" cardinality="single" baseType="identifier">
    <correctResponse>
      <value>Choice4</value>
    </correctResponse>
  </responseDeclaration>
</assessmentItem>
