<?xml version='1.0' encoding='UTF-8'?>
<assessmentItem xmlns="http://www.imsglobal.org/xsd/imsqti_v2p1" identifier="q35" title="Question 35" adaptive="false" timeDependent="false">
  <itemBody>
    <p>What is the result of these statements?

```
t = tuple('abc')
s = [1, 2, 3]
d = {t: s}
```</p>
    <choiceInteraction responseIdentifier="RESPONSE" maxChoices="1">
      <simpleChoice identifier="Choice1">A `TypeError` because a tuple can't appear as a key in a dictionary.</simpleChoice>
      <simpleChoice identifier="Choice2">A `TypeError` because a list can't appear as a value in a dictionary.</simpleChoice>
      <simpleChoice identifier="Choice3">A syntax error because there should be a comma before the closing brace on the third line.</simpleChoice>
      <simpleChoice identifier="Choice4">A dictionary with one item that maps from a tuple to a list.</simpleChoice>
    </choiceInteraction>
  </itemBody>
  <responseDeclaration identifier="RESPONSE" cardinality="single" baseType="identifier">
    <correctResponse>
      <value>Choice4</value>
    </correctResponse>
  </responseDeclaration>
</assessmentItem>
