<?xml version='1.0' encoding='UTF-8'?>
<assessmentItem xmlns="http://www.imsglobal.org/xsd/imsqti_v2p1" identifier="q36" title="Question 36" adaptive="false" timeDependent="false">
  <itemBody>
    <p>What does this function do?

```
def printall(*args):
    for value in reversed(args):
        print(value)
```</p>
    <choiceInteraction responseIdentifier="RESPONSE" maxChoices="1">
      <simpleChoice identifier="Choice1">It has a syntax error because the `*` operator is not legal before a parameter.</simpleChoice>
      <simpleChoice identifier="Choice2">It causes a `TypeError` because `args` is a tuple, which is immutable and cannot be reversed.</simpleChoice>
      <simpleChoice identifier="Choice3">It takes a single list or tuple and prints the values in reversed order.</simpleChoice>
      <simpleChoice identifier="Choice4">It takes any number of arguments and prints them in reversed order.</simpleChoice>
    </choiceInteraction>
  </itemBody>
  <responseDeclaration identifier="RESPONSE" cardinality="single" baseType="identifier">
    <correctResponse>
      <value>Choice4</value>
    </correctResponse>
  </responseDeclaration>
</assessmentItem>
