<?xml version='1.0' encoding='UTF-8'?>
<assessmentItem xmlns="http://www.imsglobal.org/xsd/imsqti_v2p1" identifier="q37" title="Question 37" adaptive="false" timeDependent="false">
  <itemBody>
    <p>What is the value of this expression?

```
('a', 3) &lt; ('b', 1)
```</p>
    <choiceInteraction responseIdentifier="RESPONSE" maxChoices="1">
      <simpleChoice identifier="Choice1">`False` because `3` is greater than `1`.</simpleChoice>
      <simpleChoice identifier="Choice2">These values can't be compared because `'a'` is less than `'b'`, but `3` is greater than `1`.</simpleChoice>
      <simpleChoice identifier="Choice3">A `TypeError` because the `&lt;` operator doesn't work with tuples.</simpleChoice>
      <simpleChoice identifier="Choice4">`True` because `'a'` is less than `'b'`.</simpleChoice>
    </choiceInteraction>
  </itemBody>
  <responseDeclaration identifier="RESPONSE" cardinality="single" baseType="identifier">
    <correctResponse>
      <value>Choice4</value>
    </correctResponse>
  </responseDeclaration>
</assessmentItem>
