<?xml version='1.0' encoding='UTF-8'?>
<assessmentItem xmlns="http://www.imsglobal.org/xsd/imsqti_v2p1" identifier="q38" title="Question 38" adaptive="false" timeDependent="false">
  <itemBody>
    <p>Assuming that `t` is a list of strings, what does the following line of code do?
```
sorted(t, key=len)
```</p>
    <choiceInteraction responseIdentifier="RESPONSE" maxChoices="1">
      <simpleChoice identifier="Choice1">Modifies `t` and sorts the elements in alphabetical order.</simpleChoice>
      <simpleChoice identifier="Choice2">Makes a new list that contains the elements in alphabetical order.</simpleChoice>
      <simpleChoice identifier="Choice3">Modifies `t` and sorts the elements from shortest to longest</simpleChoice>
      <simpleChoice identifier="Choice4">Makes a new list that contains the elements in order from shortest to longest.</simpleChoice>
    </choiceInteraction>
  </itemBody>
  <responseDeclaration identifier="RESPONSE" cardinality="single" baseType="identifier">
    <correctResponse>
      <value>Choice4</value>
    </correctResponse>
  </responseDeclaration>
</assessmentItem>
