<?xml version='1.0' encoding='UTF-8'?>
<assessmentItem xmlns="http://www.imsglobal.org/xsd/imsqti_v2p1" identifier="q39" title="Question 39" adaptive="false" timeDependent="false">
  <itemBody>
    <p>What is the effect of running this program?

```
word_counter = {}
for line in open(filename):
    for word in split_line(line):
        word_counter[word] += 1
```</p>
    <choiceInteraction responseIdentifier="RESPONSE" maxChoices="1">
      <simpleChoice identifier="Choice1">It makes a dictionary that maps from each word to the number of times it appears.</simpleChoice>
      <simpleChoice identifier="Choice2">It has a syntax error because the indentation is not correct.</simpleChoice>
      <simpleChoice identifier="Choice3">It has a semantic error because all the keys in `word_counter` map to the value `1`.</simpleChoice>
      <simpleChoice identifier="Choice4">It causes a `KeyError` when it tries to increment a value in `word_counter`.</simpleChoice>
    </choiceInteraction>
  </itemBody>
  <responseDeclaration identifier="RESPONSE" cardinality="single" baseType="identifier">
    <correctResponse>
      <value>Choice4</value>
    </correctResponse>
  </responseDeclaration>
</assessmentItem>
