<?xml version='1.0' encoding='UTF-8'?>
<assessmentItem xmlns="http://www.imsglobal.org/xsd/imsqti_v2p1" identifier="q4" title="Question 4" adaptive="false" timeDependent="false">
  <itemBody>
    <p>On the internet, people sometimes argue about the value of an ambiguous mathematical expression like $8 ÷ 2(2+2)$. How do we write this expression in Python?</p>
    <choiceInteraction responseIdentifier="RESPONSE" maxChoices="1">
      <simpleChoice identifier="Choice1">`8 ÷ 2 (2 + 2)`</simpleChoice>
      <simpleChoice identifier="Choice2">`8 / 2 (2 + 2)`</simpleChoice>
      <simpleChoice identifier="Choice3">`8 ÷ 2 * (2 + 2)`</simpleChoice>
      <simpleChoice identifier="Choice4">`8 / 2 * (2 + 2)`</simpleChoice>
    </choiceInteraction>
  </itemBody>
  <responseDeclaration identifier="RESPONSE" cardinality="single" baseType="identifier">
    <correctResponse>
      <value>Choice4</value>
    </correctResponse>
  </responseDeclaration>
</assessmentItem>
