<?xml version='1.0' encoding='UTF-8'?>
<assessmentItem xmlns="http://www.imsglobal.org/xsd/imsqti_v2p1" identifier="q40" title="Question 40" adaptive="false" timeDependent="false">
  <itemBody>
    <p>If we run the following lines of code, what is the probability that the result is `'a'`?

```
letters = ['a', 'b', 'c']
weights = [1, 2, 3]
random.choices(letters, weights=weights)
```</p>
    <choiceInteraction responseIdentifier="RESPONSE" maxChoices="1">
      <simpleChoice identifier="Choice1">1/3</simpleChoice>
      <simpleChoice identifier="Choice2">1/4</simpleChoice>
      <simpleChoice identifier="Choice3">1/5</simpleChoice>
      <simpleChoice identifier="Choice4">1/6</simpleChoice>
    </choiceInteraction>
  </itemBody>
  <responseDeclaration identifier="RESPONSE" cardinality="single" baseType="identifier">
    <correctResponse>
      <value>Choice4</value>
    </correctResponse>
  </responseDeclaration>
</assessmentItem>
