<?xml version='1.0' encoding='UTF-8'?>
<assessmentItem xmlns="http://www.imsglobal.org/xsd/imsqti_v2p1" identifier="q41" title="Question 41" adaptive="false" timeDependent="false">
  <itemBody>
    <p>If the current working directory is `/home/dinsdale/photos` and you open a file using the relative path `mar-2023/photo1.jpg`, which of these expressions computes the absolute path of the file that gets opened?</p>
    <choiceInteraction responseIdentifier="RESPONSE" maxChoices="1">
      <simpleChoice identifier="Choice1">`''.join('/home/dinsdale/photos', 'mar-2023/photo1.jpg')`</simpleChoice>
      <simpleChoice identifier="Choice2">`'mar-2023/photo1.jpg' + '/home/dinsdale/photos'`</simpleChoice>
      <simpleChoice identifier="Choice3">`'/home/dinsdale/photos' + 'mar-2023/photo1.jpg'`</simpleChoice>
      <simpleChoice identifier="Choice4">`os.path.join('/home/dinsdale/photos', 'mar-2023/photo1.jpg')`</simpleChoice>
    </choiceInteraction>
  </itemBody>
  <responseDeclaration identifier="RESPONSE" cardinality="single" baseType="identifier">
    <correctResponse>
      <value>Choice4</value>
    </correctResponse>
  </responseDeclaration>
</assessmentItem>
