<?xml version='1.0' encoding='UTF-8'?>
<assessmentItem xmlns="http://www.imsglobal.org/xsd/imsqti_v2p1" identifier="q42" title="Question 42" adaptive="false" timeDependent="false">
  <itemBody>
    <p>After these statements run, what is the value of `s`?

```
x = 1
t = 1,
s = f'x is an int, {x}. t is a tuple, {t}'
```</p>
    <choiceInteraction responseIdentifier="RESPONSE" maxChoices="1">
      <simpleChoice identifier="Choice1">This is an error because `{x}` and `{t}` are not valid dictionaries.</simpleChoice>
      <simpleChoice identifier="Choice2">This is an error because a tuple can't be used as a value in an f-string.</simpleChoice>
      <simpleChoice identifier="Choice3">`'x is an int, {x}. t is a tuple, {t}'`</simpleChoice>
      <simpleChoice identifier="Choice4">`'x is an int, 1. t is a tuple, (1,)'`</simpleChoice>
    </choiceInteraction>
  </itemBody>
  <responseDeclaration identifier="RESPONSE" cardinality="single" baseType="identifier">
    <correctResponse>
      <value>Choice4</value>
    </correctResponse>
  </responseDeclaration>
</assessmentItem>
