<?xml version='1.0' encoding='UTF-8'?>
<assessmentItem xmlns="http://www.imsglobal.org/xsd/imsqti_v2p1" identifier="q43" title="Question 43" adaptive="false" timeDependent="false">
  <itemBody>
    <p>After these statements run, what is the value of `db[key]`?

```
db = shelve.open('anagram_map', 'n')
key = 'opst'
db[key] = []
db[key].append('stop')
```</p>
    <choiceInteraction responseIdentifier="RESPONSE" maxChoices="1">
      <simpleChoice identifier="Choice1">`['stop']`</simpleChoice>
      <simpleChoice identifier="Choice2">`'stop'`</simpleChoice>
      <simpleChoice identifier="Choice3">`[], 'stop'`</simpleChoice>
      <simpleChoice identifier="Choice4">`[]`</simpleChoice>
    </choiceInteraction>
  </itemBody>
  <responseDeclaration identifier="RESPONSE" cardinality="single" baseType="identifier">
    <correctResponse>
      <value>Choice4</value>
    </correctResponse>
  </responseDeclaration>
</assessmentItem>
