<?xml version='1.0' encoding='UTF-8'?>
<assessmentItem xmlns="http://www.imsglobal.org/xsd/imsqti_v2p1" identifier="q44" title="Question 44" adaptive="false" timeDependent="false">
  <itemBody>
    <p>To create an instance of a programmer-defined type, what is the correct order for these steps?</p>
    <choiceInteraction responseIdentifier="RESPONSE" maxChoices="1">
      <simpleChoice identifier="Choice1">Assign values to attributes, define a class, instantiate an object.</simpleChoice>
      <simpleChoice identifier="Choice2">Instantiate an object, define a class, assign values to attributes.</simpleChoice>
      <simpleChoice identifier="Choice3">Define a class, assign values to attributes, instantiate an object.</simpleChoice>
      <simpleChoice identifier="Choice4">Define a class, instantiate an object, assign values to attributes.</simpleChoice>
    </choiceInteraction>
  </itemBody>
  <responseDeclaration identifier="RESPONSE" cardinality="single" baseType="identifier">
    <correctResponse>
      <value>Choice4</value>
    </correctResponse>
  </responseDeclaration>
</assessmentItem>
