<?xml version='1.0' encoding='UTF-8'?>
<assessmentItem xmlns="http://www.imsglobal.org/xsd/imsqti_v2p1" identifier="q45" title="Question 45" adaptive="false" timeDependent="false">
  <itemBody>
    <p>These statements are intended to define a `Date` class and create a `Date` object. What is wrong with them?

```
def Date:
    """Represents a day of the year."""
    
date = Date()
date.year = 2024
date.month = 'January'
date.day = 11
```</p>
    <choiceInteraction responseIdentifier="RESPONSE" maxChoices="1">
      <simpleChoice identifier="Choice1">You can't have a class named `Date` and a variable named `date`.</simpleChoice>
      <simpleChoice identifier="Choice2">All of the attributes have to have the same type.</simpleChoice>
      <simpleChoice identifier="Choice3">The syntax is not correct for adding attributes to the object.</simpleChoice>
      <simpleChoice identifier="Choice4">A class definition has to start with `class`, not `def`.</simpleChoice>
    </choiceInteraction>
  </itemBody>
  <responseDeclaration identifier="RESPONSE" cardinality="single" baseType="identifier">
    <correctResponse>
      <value>Choice4</value>
    </correctResponse>
  </responseDeclaration>
</assessmentItem>
