<?xml version='1.0' encoding='UTF-8'?>
<assessmentItem xmlns="http://www.imsglobal.org/xsd/imsqti_v2p1" identifier="q46" title="Question 46" adaptive="false" timeDependent="false">
  <itemBody>
    <p>Which of these is a correct description of this function? You can assume that `date` is a `Date` object that has a `day` attribute.

```
def increment_day(date):
    date.day += 1
    return date
```</p>
    <choiceInteraction responseIdentifier="RESPONSE" maxChoices="1">
      <simpleChoice identifier="Choice1">It is a pure function that returns `None`.</simpleChoice>
      <simpleChoice identifier="Choice2">It is an impure function that returns `None`.</simpleChoice>
      <simpleChoice identifier="Choice3">It is a pure function that returns a `Date` object.</simpleChoice>
      <simpleChoice identifier="Choice4">It is an impure function that returns a `Date` object.</simpleChoice>
    </choiceInteraction>
  </itemBody>
  <responseDeclaration identifier="RESPONSE" cardinality="single" baseType="identifier">
    <correctResponse>
      <value>Choice4</value>
    </correctResponse>
  </responseDeclaration>
</assessmentItem>
