<?xml version='1.0' encoding='UTF-8'?>
<assessmentItem xmlns="http://www.imsglobal.org/xsd/imsqti_v2p1" identifier="q47" title="Question 47" adaptive="false" timeDependent="false">
  <itemBody>
    <p>Suppose `time` is a `Time` object, and `increment` is an instance method defined in the `Time` class. 
What happens when we invoke `increment` like this?

```
time.increment(42)
```</p>
    <choiceInteraction responseIdentifier="RESPONSE" maxChoices="1">
      <simpleChoice identifier="Choice1">`42` is assigned to the first parameter of the method, and `time` is assigned to the second.</simpleChoice>
      <simpleChoice identifier="Choice2">This is an error because `increment` requires one arguments and two are provided.</simpleChoice>
      <simpleChoice identifier="Choice3">This is an error because `increment` requires two argument and only one is provided.</simpleChoice>
      <simpleChoice identifier="Choice4">`time` is assigned to the first parameter of the method and `42` is assigned to the second.</simpleChoice>
    </choiceInteraction>
  </itemBody>
  <responseDeclaration identifier="RESPONSE" cardinality="single" baseType="identifier">
    <correctResponse>
      <value>Choice4</value>
    </correctResponse>
  </responseDeclaration>
</assessmentItem>
