<?xml version='1.0' encoding='UTF-8'?>
<assessmentItem xmlns="http://www.imsglobal.org/xsd/imsqti_v2p1" identifier="q48" title="Question 48" adaptive="false" timeDependent="false">
  <itemBody>
    <p>Suppose `time` is a `Time` object, and `int_to_time` is a static method defined in the `Time` class. 
What happens when we invoke `int_to_time` like this?

```
start = Time.int_to_time(34800)
```</p>
    <choiceInteraction responseIdentifier="RESPONSE" maxChoices="1">
      <simpleChoice identifier="Choice1">This is an error because `int_to_time` requires one argument and two are provided.</simpleChoice>
      <simpleChoice identifier="Choice2">The `Time` class object is assigned to the first parameter of the method and `34800` is assigned to the second.</simpleChoice>
      <simpleChoice identifier="Choice3">`34800` is assigned to the first parameter of the method and the `Time` class object is assigned to the second.</simpleChoice>
      <simpleChoice identifier="Choice4">`34800` is assigned to the first parameter of `int_to_time`.</simpleChoice>
    </choiceInteraction>
  </itemBody>
  <responseDeclaration identifier="RESPONSE" cardinality="single" baseType="identifier">
    <correctResponse>
      <value>Choice4</value>
    </correctResponse>
  </responseDeclaration>
</assessmentItem>
