<?xml version='1.0' encoding='UTF-8'?>
<assessmentItem xmlns="http://www.imsglobal.org/xsd/imsqti_v2p1" identifier="q49" title="Question 49" adaptive="false" timeDependent="false">
  <itemBody>
    <p>Which of the following statements is NOT correct?</p>
    <choiceInteraction responseIdentifier="RESPONSE" maxChoices="1">
      <simpleChoice identifier="Choice1">When we instantiate an object, its `__init__` method is invoked.</simpleChoice>
      <simpleChoice identifier="Choice2">When we use the `+` operator with an object, its `__add__` method is invoked.</simpleChoice>
      <simpleChoice identifier="Choice3">When we print an object, its `__str__` method is invoked.</simpleChoice>
      <simpleChoice identifier="Choice4">When we define a new class, its `__init__` method is invoked.</simpleChoice>
    </choiceInteraction>
  </itemBody>
  <responseDeclaration identifier="RESPONSE" cardinality="single" baseType="identifier">
    <correctResponse>
      <value>Choice4</value>
    </correctResponse>
  </responseDeclaration>
</assessmentItem>
