<?xml version='1.0' encoding='UTF-8'?>
<assessmentItem xmlns="http://www.imsglobal.org/xsd/imsqti_v2p1" identifier="q5" title="Question 5" adaptive="false" timeDependent="false">
  <itemBody>
    <p>Which of these is a legal variable name?</p>
    <choiceInteraction responseIdentifier="RESPONSE" maxChoices="1">
      <simpleChoice identifier="Choice1">`2pi`</simpleChoice>
      <simpleChoice identifier="Choice2">`question?`</simpleChoice>
      <simpleChoice identifier="Choice3">`import`</simpleChoice>
      <simpleChoice identifier="Choice4">`is_even`</simpleChoice>
    </choiceInteraction>
  </itemBody>
  <responseDeclaration identifier="RESPONSE" cardinality="single" baseType="identifier">
    <correctResponse>
      <value>Choice4</value>
    </correctResponse>
  </responseDeclaration>
</assessmentItem>
