<?xml version='1.0' encoding='UTF-8'?>
<assessmentItem xmlns="http://www.imsglobal.org/xsd/imsqti_v2p1" identifier="q50" title="Question 50" adaptive="false" timeDependent="false">
  <itemBody>
    <p>Which of these is the term for a function or method that works with more than one type of object?</p>
    <choiceInteraction responseIdentifier="RESPONSE" maxChoices="1">
      <simpleChoice identifier="Choice1">pure</simpleChoice>
      <simpleChoice identifier="Choice2">equivalent</simpleChoice>
      <simpleChoice identifier="Choice3">static</simpleChoice>
      <simpleChoice identifier="Choice4">polymorphic</simpleChoice>
    </choiceInteraction>
  </itemBody>
  <responseDeclaration identifier="RESPONSE" cardinality="single" baseType="identifier">
    <correctResponse>
      <value>Choice4</value>
    </correctResponse>
  </responseDeclaration>
</assessmentItem>
