<?xml version='1.0' encoding='UTF-8'?>
<assessmentItem xmlns="http://www.imsglobal.org/xsd/imsqti_v2p1" identifier="q51" title="Question 51" adaptive="false" timeDependent="false">
  <itemBody>
    <p>What is wrong with this class definition?

```
class Point:
    """Represents a point in 2-D space."""
    
    def __init__(self, x, y):
        x = self.x
        y = self.y
```</p>
    <choiceInteraction responseIdentifier="RESPONSE" maxChoices="1">
      <simpleChoice identifier="Choice1">`__init__` is not a legal name for a method because it does not start with a letter.</simpleChoice>
      <simpleChoice identifier="Choice2">The triple-quoted string has to be inside a method definition.</simpleChoice>
      <simpleChoice identifier="Choice3">The first parameter of the method should be called `point`, not `self`.</simpleChoice>
      <simpleChoice identifier="Choice4">The assignment statements should be the other way around, as in `self.x = x` and `self.y = y`.</simpleChoice>
    </choiceInteraction>
  </itemBody>
  <responseDeclaration identifier="RESPONSE" cardinality="single" baseType="identifier">
    <correctResponse>
      <value>Choice4</value>
    </correctResponse>
  </responseDeclaration>
</assessmentItem>
