<?xml version='1.0' encoding='UTF-8'?>
<assessmentItem xmlns="http://www.imsglobal.org/xsd/imsqti_v2p1" identifier="q52" title="Question 52" adaptive="false" timeDependent="false">
  <itemBody>
    <p>Suppose we define a `Line` class so that each `Line` object has two attributes that refer to `Point` objects.

```
class Line:
    def __init__(self, p1, p2):
        self.p1 = p1
        self.p2 = p2
```

If we import the `copy` function from the `copy` module and use it to make a copy of a `Line` object, which of these statements is true?</p>
    <choiceInteraction responseIdentifier="RESPONSE" maxChoices="1">
      <simpleChoice identifier="Choice1">The result is a deep copy that copies the `Line` object and the `Point` objects it contains.</simpleChoice>
      <simpleChoice identifier="Choice2">The result is a deep copy that copies the `Line` object but not the `Point` objects it contains.</simpleChoice>
      <simpleChoice identifier="Choice3">The result is a shallow copy that copies the `Line` object and the `Point` objects it contains.</simpleChoice>
      <simpleChoice identifier="Choice4">The result is a shallow copy that copies the `Line` object but not the `Point` objects it contains.</simpleChoice>
    </choiceInteraction>
  </itemBody>
  <responseDeclaration identifier="RESPONSE" cardinality="single" baseType="identifier">
    <correctResponse>
      <value>Choice4</value>
    </correctResponse>
  </responseDeclaration>
</assessmentItem>
