<?xml version='1.0' encoding='UTF-8'?>
<assessmentItem xmlns="http://www.imsglobal.org/xsd/imsqti_v2p1" identifier="q53" title="Question 53" adaptive="false" timeDependent="false">
  <itemBody>
    <p>Which of the following is NOT a correct statement about class variables.</p>
    <choiceInteraction responseIdentifier="RESPONSE" maxChoices="1">
      <simpleChoice identifier="Choice1">They are defined inside a class definition, but not inside a method definition.</simpleChoice>
      <simpleChoice identifier="Choice2">They can be accessed using a class object.</simpleChoice>
      <simpleChoice identifier="Choice3">They can have any type.</simpleChoice>
      <simpleChoice identifier="Choice4">They are immutable.</simpleChoice>
    </choiceInteraction>
  </itemBody>
  <responseDeclaration identifier="RESPONSE" cardinality="single" baseType="identifier">
    <correctResponse>
      <value>Choice4</value>
    </correctResponse>
  </responseDeclaration>
</assessmentItem>
