<?xml version='1.0' encoding='UTF-8'?>
<assessmentItem xmlns="http://www.imsglobal.org/xsd/imsqti_v2p1" identifier="q54" title="Question 54" adaptive="false" timeDependent="false">
  <itemBody>
    <p>Suppose we define a `Card` class like this:

```
class Card:
    
    def __init__(self, suit, rank):
        self.suit = suit
        self.rank = rank
```

If this class does not provide an `__eq__` method, what happens if we compare two cards using the `==` operator.</p>
    <choiceInteraction responseIdentifier="RESPONSE" maxChoices="1">
      <simpleChoice identifier="Choice1">That's an error.</simpleChoice>
      <simpleChoice identifier="Choice2">By default, only the first attribute is compared.</simpleChoice>
      <simpleChoice identifier="Choice3">By default, all of the attributes are compared as if they were in a tuple.</simpleChoice>
      <simpleChoice identifier="Choice4">By default, the objects are equal only if they are identical.</simpleChoice>
    </choiceInteraction>
  </itemBody>
  <responseDeclaration identifier="RESPONSE" cardinality="single" baseType="identifier">
    <correctResponse>
      <value>Choice4</value>
    </correctResponse>
  </responseDeclaration>
</assessmentItem>
