<?xml version='1.0' encoding='UTF-8'?>
<assessmentItem xmlns="http://www.imsglobal.org/xsd/imsqti_v2p1" identifier="q55" title="Question 55" adaptive="false" timeDependent="false">
  <itemBody>
    <p>Which of the following statements is true when one class inherits from another, like this:

```
class Hand(Deck):
    """Represents a hand of playing cards."""
```</p>
    <choiceInteraction responseIdentifier="RESPONSE" maxChoices="1">
      <simpleChoice identifier="Choice1">`Hand` is a parent class and `Deck` is a child class.</simpleChoice>
      <simpleChoice identifier="Choice2">Every function that works with `Hand` should also work with `Deck`.</simpleChoice>
      <simpleChoice identifier="Choice3">Every `Hand` object has the same attributes as every `Deck` object, no more or less.</simpleChoice>
      <simpleChoice identifier="Choice4">Every method defined in the `Deck` class can also be invoked on a `Hand` object.</simpleChoice>
    </choiceInteraction>
  </itemBody>
  <responseDeclaration identifier="RESPONSE" cardinality="single" baseType="identifier">
    <correctResponse>
      <value>Choice4</value>
    </correctResponse>
  </responseDeclaration>
</assessmentItem>
