<?xml version='1.0' encoding='UTF-8'?>
<assessmentItem xmlns="http://www.imsglobal.org/xsd/imsqti_v2p1" identifier="q56" title="Question 56" adaptive="false" timeDependent="false">
  <itemBody>
    <p>What do we call it when one method invokes another to do most or all of the work?</p>
    <choiceInteraction responseIdentifier="RESPONSE" maxChoices="1">
      <simpleChoice identifier="Choice1">inheritance</simpleChoice>
      <simpleChoice identifier="Choice2">generalization</simpleChoice>
      <simpleChoice identifier="Choice3">specialization</simpleChoice>
      <simpleChoice identifier="Choice4">delegation</simpleChoice>
    </choiceInteraction>
  </itemBody>
  <responseDeclaration identifier="RESPONSE" cardinality="single" baseType="identifier">
    <correctResponse>
      <value>Choice4</value>
    </correctResponse>
  </responseDeclaration>
</assessmentItem>
