<?xml version='1.0' encoding='UTF-8'?>
<assessmentItem xmlns="http://www.imsglobal.org/xsd/imsqti_v2p1" identifier="q57" title="Question 57" adaptive="false" timeDependent="false">
  <itemBody>
    <p>What is the result of this operation?

```
set('abba') &lt;= set('abc')
```</p>
    <choiceInteraction responseIdentifier="RESPONSE" maxChoices="1">
      <simpleChoice identifier="Choice1">`False` because `'abba'` is longer than `'abc'`.</simpleChoice>
      <simpleChoice identifier="Choice2">A runtime error because `'abba'` contains duplicate elements, so it is not a `set`.</simpleChoice>
      <simpleChoice identifier="Choice3">A runtime error because a string is immutable, so it cannot be transformed into a `set`.</simpleChoice>
      <simpleChoice identifier="Choice4">`True` because the elements of `'abba'` are a subset of the elements of `'abc'`.</simpleChoice>
    </choiceInteraction>
  </itemBody>
  <responseDeclaration identifier="RESPONSE" cardinality="single" baseType="identifier">
    <correctResponse>
      <value>Choice4</value>
    </correctResponse>
  </responseDeclaration>
</assessmentItem>
