<?xml version='1.0' encoding='UTF-8'?>
<assessmentItem xmlns="http://www.imsglobal.org/xsd/imsqti_v2p1" identifier="q58" title="Question 58" adaptive="false" timeDependent="false">
  <itemBody>
    <p>What is the value of counter after these statements run?

```
from collections import Counter

t = (1, 1, 1, 2, 2, 3)
counter = Counter(t)
```</p>
    <choiceInteraction responseIdentifier="RESPONSE" maxChoices="1">
      <simpleChoice identifier="Choice1">`(1, 1, 1, 2, 2, 3)`</simpleChoice>
      <simpleChoice identifier="Choice2">`{1: 3, 2: 2, 3: 1}`</simpleChoice>
      <simpleChoice identifier="Choice3">`Counter(1, 1, 1, 2, 2, 3)`</simpleChoice>
      <simpleChoice identifier="Choice4">`Counter({1: 3, 2: 2, 3: 1})`</simpleChoice>
    </choiceInteraction>
  </itemBody>
  <responseDeclaration identifier="RESPONSE" cardinality="single" baseType="identifier">
    <correctResponse>
      <value>Choice4</value>
    </correctResponse>
  </responseDeclaration>
</assessmentItem>
