<?xml version='1.0' encoding='UTF-8'?>
<assessmentItem xmlns="http://www.imsglobal.org/xsd/imsqti_v2p1" identifier="q59" title="Question 59" adaptive="false" timeDependent="false">
  <itemBody>
    <p>Which comment about this class definition is correct?

```
class Game:
    """Represents a game with a dictionary that maps from teams to scores."""
    
    def __init__(self, scores={}):
        self.scores = score
```</p>
    <choiceInteraction responseIdentifier="RESPONSE" maxChoices="1">
      <simpleChoice identifier="Choice1">All `Game` objects refer to different dictionaries.</simpleChoice>
      <simpleChoice identifier="Choice2">All `Game` objects refer to the same dictionary.</simpleChoice>
      <simpleChoice identifier="Choice3">All `Game` objects created with the default value of `scores` refer to an empty dictionary.</simpleChoice>
      <simpleChoice identifier="Choice4">All `Game` objects created with the default value of `scores` refer to the same dictionary.</simpleChoice>
    </choiceInteraction>
  </itemBody>
  <responseDeclaration identifier="RESPONSE" cardinality="single" baseType="identifier">
    <correctResponse>
      <value>Choice4</value>
    </correctResponse>
  </responseDeclaration>
</assessmentItem>
