<?xml version='1.0' encoding='UTF-8'?>
<assessmentItem xmlns="http://www.imsglobal.org/xsd/imsqti_v2p1" identifier="q6" title="Question 6" adaptive="false" timeDependent="false">
  <itemBody>
    <p>Which of these is NOT a correct way to raise `2` to the third power?</p>
    <choiceInteraction responseIdentifier="RESPONSE" maxChoices="1">
      <simpleChoice identifier="Choice1">`2 * 2 * 2`</simpleChoice>
      <simpleChoice identifier="Choice2">`2 ** 3`</simpleChoice>
      <simpleChoice identifier="Choice3">`math.pow(2, 3`</simpleChoice>
      <simpleChoice identifier="Choice4">`2 ^ 3`</simpleChoice>
    </choiceInteraction>
  </itemBody>
  <responseDeclaration identifier="RESPONSE" cardinality="single" baseType="identifier">
    <correctResponse>
      <value>Choice4</value>
    </correctResponse>
  </responseDeclaration>
</assessmentItem>
