<?xml version='1.0' encoding='UTF-8'?>
<assessmentItem xmlns="http://www.imsglobal.org/xsd/imsqti_v2p1" identifier="q60" title="Question 60" adaptive="false" timeDependent="false">
  <itemBody>
    <p>What is the value of this expression?

```
all(number &lt; 10 for number in [2, 4, 6, 8])
```</p>
    <choiceInteraction responseIdentifier="RESPONSE" maxChoices="1">
      <simpleChoice identifier="Choice1">`[2, 4, 6, 8]`, which contains all numbers in the list less than `10`.</simpleChoice>
      <simpleChoice identifier="Choice2">An error because the list comprehension has to be in square brackets.</simpleChoice>
      <simpleChoice identifier="Choice3">`False` because there are not any numbers in the list that are not less than `10`.</simpleChoice>
      <simpleChoice identifier="Choice4">`True` because all numbers in the list are less than `10`.</simpleChoice>
    </choiceInteraction>
  </itemBody>
  <responseDeclaration identifier="RESPONSE" cardinality="single" baseType="identifier">
    <correctResponse>
      <value>Choice4</value>
    </correctResponse>
  </responseDeclaration>
</assessmentItem>
