<?xml version='1.0' encoding='UTF-8'?>
<assessmentItem xmlns="http://www.imsglobal.org/xsd/imsqti_v2p1" identifier="q61" title="Question 61" adaptive="false" timeDependent="false">
  <itemBody>
    <p>What is the value of `d[key]` after these statements run, or is there an error?

```
from collections import defaultdict

d = defaultdict(list)
key = ('into', 'the')
d[key].append('woods')
```</p>
    <choiceInteraction responseIdentifier="RESPONSE" maxChoices="1">
      <simpleChoice identifier="Choice1">An error because a tuple cannot be used as a key in a `defaultdict`.</simpleChoice>
      <simpleChoice identifier="Choice2">An error because we have to add the key to the `defaultdict` before we can look it up.</simpleChoice>
      <simpleChoice identifier="Choice3">`'woods'`</simpleChoice>
      <simpleChoice identifier="Choice4">`['woods']`</simpleChoice>
    </choiceInteraction>
  </itemBody>
  <responseDeclaration identifier="RESPONSE" cardinality="single" baseType="identifier">
    <correctResponse>
      <value>Choice4</value>
    </correctResponse>
  </responseDeclaration>
</assessmentItem>
