<?xml version='1.0' encoding='UTF-8'?>
<assessmentItem xmlns="http://www.imsglobal.org/xsd/imsqti_v2p1" identifier="q62" title="Question 62" adaptive="false" timeDependent="false">
  <itemBody>
    <p>What value is printed when this function runs?

```
def pack_and_print(**kwargs):
    print(kwargs)
    
pack_and_print(a=1, b=2)
```</p>
    <choiceInteraction responseIdentifier="RESPONSE" maxChoices="1">
      <simpleChoice identifier="Choice1">This is an error because the exponentiation operator `**` can't appear in a list of parameters.</simpleChoice>
      <simpleChoice identifier="Choice2">`[(a, 1), (b, 2)]`</simpleChoice>
      <simpleChoice identifier="Choice3">`{'a', 'b'}, [1, 2]`</simpleChoice>
      <simpleChoice identifier="Choice4">`{'a': 1, 'b': 2}`</simpleChoice>
    </choiceInteraction>
  </itemBody>
  <responseDeclaration identifier="RESPONSE" cardinality="single" baseType="identifier">
    <correctResponse>
      <value>Choice4</value>
    </correctResponse>
  </responseDeclaration>
</assessmentItem>
