<?xml version='1.0' encoding='UTF-8'?>
<assessmentItem xmlns="http://www.imsglobal.org/xsd/imsqti_v2p1" identifier="q63" title="Question 63" adaptive="false" timeDependent="false">
  <itemBody>
    <p>What is the output of this program?

```
s = '3'
str(s) * int(s)
```</p>
    <choiceInteraction responseIdentifier="RESPONSE" maxChoices="1">
      <simpleChoice identifier="Choice1">The integer `9`</simpleChoice>
      <simpleChoice identifier="Choice2">The string `'9'`</simpleChoice>
      <simpleChoice identifier="Choice3">The integer `333`</simpleChoice>
      <simpleChoice identifier="Choice4">The string `'333'`</simpleChoice>
    </choiceInteraction>
  </itemBody>
  <responseDeclaration identifier="RESPONSE" cardinality="single" baseType="identifier">
    <correctResponse>
      <value>Choice4</value>
    </correctResponse>
  </responseDeclaration>
</assessmentItem>
