<?xml version='1.0' encoding='UTF-8'?>
<assessmentItem xmlns="http://www.imsglobal.org/xsd/imsqti_v2p1" identifier="q64" title="Question 64" adaptive="false" timeDependent="false">
  <itemBody>
    <p>For this function to work without causing an error, what are the preconditions for `n`?

```
def countdown(n):
    if n == 0:
        print('Blastoff!')
    else:
        print(n)
        countdown(n-1)
```</p>
    <choiceInteraction responseIdentifier="RESPONSE" maxChoices="1">
      <simpleChoice identifier="Choice1">`n` must be a `float`.</simpleChoice>
      <simpleChoice identifier="Choice2">`n` must be negative.</simpleChoice>
      <simpleChoice identifier="Choice3">`n` must be strictly positive, not `0`.</simpleChoice>
      <simpleChoice identifier="Choice4">`n` must be a positive integer or `0`.</simpleChoice>
    </choiceInteraction>
  </itemBody>
  <responseDeclaration identifier="RESPONSE" cardinality="single" baseType="identifier">
    <correctResponse>
      <value>Choice4</value>
    </correctResponse>
  </responseDeclaration>
</assessmentItem>
