<?xml version='1.0' encoding='UTF-8'?>
<assessmentItem xmlns="http://www.imsglobal.org/xsd/imsqti_v2p1" identifier="q65" title="Question 65" adaptive="false" timeDependent="false">
  <itemBody>
    <p>What is wrong with the following program?

```
def compare(x, y):
    if x &lt; y:
        return -1
    else:
        return 1    
    return 0
```</p>
    <choiceInteraction responseIdentifier="RESPONSE" maxChoices="1">
      <simpleChoice identifier="Choice1">It has a syntax error because the last line is not indented.</simpleChoice>
      <simpleChoice identifier="Choice2">It has a runtime error because the return value cannot be negative.</simpleChoice>
      <simpleChoice identifier="Choice3">It has a syntax error because it has more than one return statement.</simpleChoice>
      <simpleChoice identifier="Choice4">It has a logic error because the last line is dead code.</simpleChoice>
    </choiceInteraction>
  </itemBody>
  <responseDeclaration identifier="RESPONSE" cardinality="single" baseType="identifier">
    <correctResponse>
      <value>Choice4</value>
    </correctResponse>
  </responseDeclaration>
</assessmentItem>
