<?xml version='1.0' encoding='UTF-8'?>
<assessmentItem xmlns="http://www.imsglobal.org/xsd/imsqti_v2p1" identifier="q66" title="Question 66" adaptive="false" timeDependent="false">
  <itemBody>
    <p>What is the output of this program, or is there an error?
```
def rectangle_area(length, width):
    return length * width
    
area = rectangle_area(3, 5)
print(length)
```</p>
    <choiceInteraction responseIdentifier="RESPONSE" maxChoices="1">
      <simpleChoice identifier="Choice1">`3` because the first argument gets assigned to `length`.</simpleChoice>
      <simpleChoice identifier="Choice2">`5` because the second argument gets assigned to `length`.</simpleChoice>
      <simpleChoice identifier="Choice3">Syntax error because there are two variables in the return statement.</simpleChoice>
      <simpleChoice identifier="Choice4">Runtime error because the parameter `length` does not exist outside the function.</simpleChoice>
    </choiceInteraction>
  </itemBody>
  <responseDeclaration identifier="RESPONSE" cardinality="single" baseType="identifier">
    <correctResponse>
      <value>Choice4</value>
    </correctResponse>
  </responseDeclaration>
</assessmentItem>
