<?xml version='1.0' encoding='UTF-8'?>
<assessmentItem xmlns="http://www.imsglobal.org/xsd/imsqti_v2p1" identifier="q67" title="Question 67" adaptive="false" timeDependent="false">
  <itemBody>
    <p>What is wrong with the following program?

```
s = int('123')
for digit in s:
    print(digit)
```</p>
    <choiceInteraction responseIdentifier="RESPONSE" maxChoices="1">
      <simpleChoice identifier="Choice1">There is nothing wrong -- the program is correct.</simpleChoice>
      <simpleChoice identifier="Choice2">`digit` is not a legal name for a loop variable.</simpleChoice>
      <simpleChoice identifier="Choice3">`int` is a type, not a function.</simpleChoice>
      <simpleChoice identifier="Choice4">`s` is not a sequence, so we can't loop through its elements.</simpleChoice>
    </choiceInteraction>
  </itemBody>
  <responseDeclaration identifier="RESPONSE" cardinality="single" baseType="identifier">
    <correctResponse>
      <value>Choice4</value>
    </correctResponse>
  </responseDeclaration>
</assessmentItem>
