<?xml version='1.0' encoding='UTF-8'?>
<assessmentItem xmlns="http://www.imsglobal.org/xsd/imsqti_v2p1" identifier="q68" title="Question 68" adaptive="false" timeDependent="false">
  <itemBody>
    <p>Which of these is a correct way to convert a string to lowercase?</p>
    <choiceInteraction responseIdentifier="RESPONSE" maxChoices="1">
      <simpleChoice identifier="Choice1">`lower(str)`</simpleChoice>
      <simpleChoice identifier="Choice2">`str = lower(str)`</simpleChoice>
      <simpleChoice identifier="Choice3">`str.lower()`</simpleChoice>
      <simpleChoice identifier="Choice4">`str = str.lower()`</simpleChoice>
    </choiceInteraction>
  </itemBody>
  <responseDeclaration identifier="RESPONSE" cardinality="single" baseType="identifier">
    <correctResponse>
      <value>Choice4</value>
    </correctResponse>
  </responseDeclaration>
</assessmentItem>
