<?xml version='1.0' encoding='UTF-8'?>
<assessmentItem xmlns="http://www.imsglobal.org/xsd/imsqti_v2p1" identifier="q69" title="Question 69" adaptive="false" timeDependent="false">
  <itemBody>
    <p>The following function takes two strings as parameters and returns a string.
Which of the following docstrings is a correct description of what this function does?

```
def compute(word1, word2):
    t = []
    for letter in word1:
        if letter in word2:
            t.append(letter)
    return ''.join(t)
```</p>
    <choiceInteraction responseIdentifier="RESPONSE" maxChoices="1">
      <simpleChoice identifier="Choice1">Returns the letters that appear in either `word1` or `word2` or both.</simpleChoice>
      <simpleChoice identifier="Choice2">Returns the letters that appear in either `word1` or `word2` but not both.</simpleChoice>
      <simpleChoice identifier="Choice3">Returns the letters that appear in `word1` but not  `word2`.</simpleChoice>
      <simpleChoice identifier="Choice4">Returns the letters that appear in both `word1` and `word2`.</simpleChoice>
    </choiceInteraction>
  </itemBody>
  <responseDeclaration identifier="RESPONSE" cardinality="single" baseType="identifier">
    <correctResponse>
      <value>Choice4</value>
    </correctResponse>
  </responseDeclaration>
</assessmentItem>
