<?xml version='1.0' encoding='UTF-8'?>
<assessmentItem xmlns="http://www.imsglobal.org/xsd/imsqti_v2p1" identifier="q7" title="Question 7" adaptive="false" timeDependent="false">
  <itemBody>
    <p>When you call a function, what are the values that appear in parentheses?</p>
    <choiceInteraction responseIdentifier="RESPONSE" maxChoices="1">
      <simpleChoice identifier="Choice1">assignments</simpleChoice>
      <simpleChoice identifier="Choice2">comments</simpleChoice>
      <simpleChoice identifier="Choice3">exceptions</simpleChoice>
      <simpleChoice identifier="Choice4">arguments</simpleChoice>
    </choiceInteraction>
  </itemBody>
  <responseDeclaration identifier="RESPONSE" cardinality="single" baseType="identifier">
    <correctResponse>
      <value>Choice4</value>
    </correctResponse>
  </responseDeclaration>
</assessmentItem>
