<?xml version='1.0' encoding='UTF-8'?>
<assessmentItem xmlns="http://www.imsglobal.org/xsd/imsqti_v2p1" identifier="q70" title="Question 70" adaptive="false" timeDependent="false">
  <itemBody>
    <p>This function is intended to convert the first letter of a word to lowercase and the rest of the letters to uppercase.

```
def lower_upper(word):
    first = word[0]
    rest = word[1:]
    word = first.lower() + rest.upper()
```

What is the value of `word` if we call this function like this -- or is there an error?

```
word = lower_upper('Python')
```</p>
    <choiceInteraction responseIdentifier="RESPONSE" maxChoices="1">
      <simpleChoice identifier="Choice1">The result is a syntax error because a `:` character cannot appear inside the bracket operator.</simpleChoice>
      <simpleChoice identifier="Choice2">The result is a runtime error because `0` is not a valid index.</simpleChoice>
      <simpleChoice identifier="Choice3">The program is correct -- the value of `word` is `'pYTHON'`.</simpleChoice>
      <simpleChoice identifier="Choice4">The program contains a logic error -- the value of `word` is `None`.</simpleChoice>
    </choiceInteraction>
  </itemBody>
  <responseDeclaration identifier="RESPONSE" cardinality="single" baseType="identifier">
    <correctResponse>
      <value>Choice4</value>
    </correctResponse>
  </responseDeclaration>
</assessmentItem>
