<?xml version='1.0' encoding='UTF-8'?>
<assessmentItem xmlns="http://www.imsglobal.org/xsd/imsqti_v2p1" identifier="q71" title="Question 71" adaptive="false" timeDependent="false">
  <itemBody>
    <p>If we use the `search` function in the `re` module, which of the following strings matches this pattern: `r'^a(bc|de)f$'`?</p>
    <choiceInteraction responseIdentifier="RESPONSE" maxChoices="1">
      <simpleChoice identifier="Choice1">`'abcdef'`</simpleChoice>
      <simpleChoice identifier="Choice2">`'zadef'`</simpleChoice>
      <simpleChoice identifier="Choice3">`'abc'`</simpleChoice>
      <simpleChoice identifier="Choice4">`'adef'`</simpleChoice>
    </choiceInteraction>
  </itemBody>
  <responseDeclaration identifier="RESPONSE" cardinality="single" baseType="identifier">
    <correctResponse>
      <value>Choice4</value>
    </correctResponse>
  </responseDeclaration>
</assessmentItem>
