<?xml version='1.0' encoding='UTF-8'?>
<assessmentItem xmlns="http://www.imsglobal.org/xsd/imsqti_v2p1" identifier="q72" title="Question 72" adaptive="false" timeDependent="false">
  <itemBody>
    <p>What is the result of this program?

```
t = [1, 2, 3, 4]
t[1:-1]
```</p>
    <choiceInteraction responseIdentifier="RESPONSE" maxChoices="1">
      <simpleChoice identifier="Choice1">An `IndexError` because `-1` is not a legal index.</simpleChoice>
      <simpleChoice identifier="Choice2">`[1, 2, 3]`</simpleChoice>
      <simpleChoice identifier="Choice3">`[2, 3, 4]`</simpleChoice>
      <simpleChoice identifier="Choice4">`[2, 3]`</simpleChoice>
    </choiceInteraction>
  </itemBody>
  <responseDeclaration identifier="RESPONSE" cardinality="single" baseType="identifier">
    <correctResponse>
      <value>Choice4</value>
    </correctResponse>
  </responseDeclaration>
</assessmentItem>
