<?xml version='1.0' encoding='UTF-8'?>
<assessmentItem xmlns="http://www.imsglobal.org/xsd/imsqti_v2p1" identifier="q73" title="Question 73" adaptive="false" timeDependent="false">
  <itemBody>
    <p>After these statements run, what are the values of `a` and `b`, or is there an error?

```
a, b = 1, 2
a, b = b, a
```</p>
    <choiceInteraction responseIdentifier="RESPONSE" maxChoices="1">
      <simpleChoice identifier="Choice1">There is a runtime error because the values on the right are tuples.</simpleChoice>
      <simpleChoice identifier="Choice2">There is a syntax error because the assignment statement has more than one variable.</simpleChoice>
      <simpleChoice identifier="Choice3">`a` is `1` and `b` is `2`.</simpleChoice>
      <simpleChoice identifier="Choice4">`a` is `2` and `b` is `1`.</simpleChoice>
    </choiceInteraction>
  </itemBody>
  <responseDeclaration identifier="RESPONSE" cardinality="single" baseType="identifier">
    <correctResponse>
      <value>Choice4</value>
    </correctResponse>
  </responseDeclaration>
</assessmentItem>
