<?xml version='1.0' encoding='UTF-8'?>
<assessmentItem xmlns="http://www.imsglobal.org/xsd/imsqti_v2p1" identifier="q74" title="Question 74" adaptive="false" timeDependent="false">
  <itemBody>
    <p>Why can't a list appear as a key in a dictionary?</p>
    <choiceInteraction responseIdentifier="RESPONSE" maxChoices="1">
      <simpleChoice identifier="Choice1">The elements in a list might not be totally ordered.</simpleChoice>
      <simpleChoice identifier="Choice2">The elements in a list can be different types.</simpleChoice>
      <simpleChoice identifier="Choice3">Lists can contain any number of elements.</simpleChoice>
      <simpleChoice identifier="Choice4">Lists are mutable, which makes them unhashable.</simpleChoice>
    </choiceInteraction>
  </itemBody>
  <responseDeclaration identifier="RESPONSE" cardinality="single" baseType="identifier">
    <correctResponse>
      <value>Choice4</value>
    </correctResponse>
  </responseDeclaration>
</assessmentItem>
