<?xml version='1.0' encoding='UTF-8'?>
<assessmentItem xmlns="http://www.imsglobal.org/xsd/imsqti_v2p1" identifier="q75" title="Question 75" adaptive="false" timeDependent="false">
  <itemBody>
    <p>What is the primary difference between a list and a tuple?</p>
    <choiceInteraction responseIdentifier="RESPONSE" maxChoices="1">
      <simpleChoice identifier="Choice1">A list can contain any type; a tuple can only contain hashable types.</simpleChoice>
      <simpleChoice identifier="Choice2">A tuple can contain any type; a list can only contain hashable types.</simpleChoice>
      <simpleChoice identifier="Choice3">A tuple is mutable; a list is immutable.</simpleChoice>
      <simpleChoice identifier="Choice4">A list is mutable; a tuple is immutable.</simpleChoice>
    </choiceInteraction>
  </itemBody>
  <responseDeclaration identifier="RESPONSE" cardinality="single" baseType="identifier">
    <correctResponse>
      <value>Choice4</value>
    </correctResponse>
  </responseDeclaration>
</assessmentItem>
