<?xml version='1.0' encoding='UTF-8'?>
<assessmentItem xmlns="http://www.imsglobal.org/xsd/imsqti_v2p1" identifier="q76" title="Question 76" adaptive="false" timeDependent="false">
  <itemBody>
    <p>Which of these is a correct way to reverse the elements of a list in place -- that is, by modifying an existing list without creating a new list?</p>
    <choiceInteraction responseIdentifier="RESPONSE" maxChoices="1">
      <simpleChoice identifier="Choice1">`t = reversed(t)`</simpleChoice>
      <simpleChoice identifier="Choice2">`reversed(t)`</simpleChoice>
      <simpleChoice identifier="Choice3">`t = t.reverse()`</simpleChoice>
      <simpleChoice identifier="Choice4">`t.reverse()`</simpleChoice>
    </choiceInteraction>
  </itemBody>
  <responseDeclaration identifier="RESPONSE" cardinality="single" baseType="identifier">
    <correctResponse>
      <value>Choice4</value>
    </correctResponse>
  </responseDeclaration>
</assessmentItem>
