<?xml version='1.0' encoding='UTF-8'?>
<assessmentItem xmlns="http://www.imsglobal.org/xsd/imsqti_v2p1" identifier="q77" title="Question 77" adaptive="false" timeDependent="false">
  <itemBody>
    <p>What is the result of this program?

```
s = ['bbb', 'aa', 'c']
sorted(s, key=len, reverse=True)
```</p>
    <choiceInteraction responseIdentifier="RESPONSE" maxChoices="1">
      <simpleChoice identifier="Choice1">`['aa', 'bbb', 'c']`</simpleChoice>
      <simpleChoice identifier="Choice2">`['c', 'aa', 'bbb']`</simpleChoice>
      <simpleChoice identifier="Choice3">`['c', 'bbb', 'aa']`</simpleChoice>
      <simpleChoice identifier="Choice4">`['bbb', 'aa', 'c']`</simpleChoice>
    </choiceInteraction>
  </itemBody>
  <responseDeclaration identifier="RESPONSE" cardinality="single" baseType="identifier">
    <correctResponse>
      <value>Choice4</value>
    </correctResponse>
  </responseDeclaration>
</assessmentItem>
