<?xml version='1.0' encoding='UTF-8'?>
<assessmentItem xmlns="http://www.imsglobal.org/xsd/imsqti_v2p1" identifier="q78" title="Question 78" adaptive="false" timeDependent="false">
  <itemBody>
    <p>What does the following function do?
```
def compute(d1, d2):
    res = {}
    for key in d1:
        res[key] = d1[key]
    for key in d2:
        res[key] = d2[key]
    return res
```</p>
    <choiceInteraction responseIdentifier="RESPONSE" maxChoices="1">
      <simpleChoice identifier="Choice1">Adds the keys from `d1` to `d2`.</simpleChoice>
      <simpleChoice identifier="Choice2">Adds the keys from `d2` to `d1`.</simpleChoice>
      <simpleChoice identifier="Choice3">Makes a new dictionary with all keys that are in both `d1` and `d2`.</simpleChoice>
      <simpleChoice identifier="Choice4">Makes a new dictionary with all keys that are in either `d1` or `d2`.</simpleChoice>
    </choiceInteraction>
  </itemBody>
  <responseDeclaration identifier="RESPONSE" cardinality="single" baseType="identifier">
    <correctResponse>
      <value>Choice4</value>
    </correctResponse>
  </responseDeclaration>
</assessmentItem>
