<?xml version='1.0' encoding='UTF-8'?>
<assessmentItem xmlns="http://www.imsglobal.org/xsd/imsqti_v2p1" identifier="q79" title="Question 79" adaptive="false" timeDependent="false">
  <itemBody>
    <p>Suppose we run the following program to get the current working directory:

```
import os

os.getcwd()
```

And the result is `/home/dinsdale/photos`.
Now suppose we run the following program to check for the existence of a file:

```
os.path.exists('apr-2023/photo1.jpg')
```

What is the absolute path of the file that gets checked?</p>
    <choiceInteraction responseIdentifier="RESPONSE" maxChoices="1">
      <simpleChoice identifier="Choice1">`'photo1.jpg'`</simpleChoice>
      <simpleChoice identifier="Choice2">`'apr-2023/photo1.jpg'`</simpleChoice>
      <simpleChoice identifier="Choice3">`'/home/dinsdale/photo1.jpg'`</simpleChoice>
      <simpleChoice identifier="Choice4">`'/home/dinsdale/photos/apr-2023/photo1.jpg'`</simpleChoice>
    </choiceInteraction>
  </itemBody>
  <responseDeclaration identifier="RESPONSE" cardinality="single" baseType="identifier">
    <correctResponse>
      <value>Choice4</value>
    </correctResponse>
  </responseDeclaration>
</assessmentItem>
