<?xml version='1.0' encoding='UTF-8'?>
<assessmentItem xmlns="http://www.imsglobal.org/xsd/imsqti_v2p1" identifier="q8" title="Question 8" adaptive="false" timeDependent="false">
  <itemBody>
    <p>If a program runs without producing an error message, but it does not do the right thing, what kind of error is that?</p>
    <choiceInteraction responseIdentifier="RESPONSE" maxChoices="1">
      <simpleChoice identifier="Choice1">syntax error</simpleChoice>
      <simpleChoice identifier="Choice2">runtime error</simpleChoice>
      <simpleChoice identifier="Choice3">exception</simpleChoice>
      <simpleChoice identifier="Choice4">semantic error</simpleChoice>
    </choiceInteraction>
  </itemBody>
  <responseDeclaration identifier="RESPONSE" cardinality="single" baseType="identifier">
    <correctResponse>
      <value>Choice4</value>
    </correctResponse>
  </responseDeclaration>
</assessmentItem>
