<?xml version='1.0' encoding='UTF-8'?>
<assessmentItem xmlns="http://www.imsglobal.org/xsd/imsqti_v2p1" identifier="q80" title="Question 80" adaptive="false" timeDependent="false">
  <itemBody>
    <p>What is the result of this program?
```
class Day:
    def __init__(self, day):
        self.day = day

    def __str__(date):
        return f'Today is {date.day}'
    
print(Day('Wednesday'))
```</p>
    <choiceInteraction responseIdentifier="RESPONSE" maxChoices="1">
      <simpleChoice identifier="Choice1">`f'Today is Wednesday'`</simpleChoice>
      <simpleChoice identifier="Choice2">`'Today is {Wednesday}'`</simpleChoice>
      <simpleChoice identifier="Choice3">`f'Today is {date.day}'`</simpleChoice>
      <simpleChoice identifier="Choice4">`'Today is Wednesday'`</simpleChoice>
    </choiceInteraction>
  </itemBody>
  <responseDeclaration identifier="RESPONSE" cardinality="single" baseType="identifier">
    <correctResponse>
      <value>Choice4</value>
    </correctResponse>
  </responseDeclaration>
</assessmentItem>
