<?xml version='1.0' encoding='UTF-8'?>
<assessmentItem xmlns="http://www.imsglobal.org/xsd/imsqti_v2p1" identifier="q81" title="Question 81" adaptive="false" timeDependent="false">
  <itemBody>
    <p>Assuming that the `Animal` class exists, what is the output of this program?

```
class Cat(Animal):
    """Represents a cat."""
    
cat = Cat()
isinstance(cat, Animal)
```</p>
    <choiceInteraction responseIdentifier="RESPONSE" maxChoices="1">
      <simpleChoice identifier="Choice1">`False` because an instance of a parent class is not an instance of the child class.</simpleChoice>
      <simpleChoice identifier="Choice2">`False` because an instance of a child class is not an instance of the parent class.</simpleChoice>
      <simpleChoice identifier="Choice3">`True` because every instance of a parent class is also an instance of the child class.</simpleChoice>
      <simpleChoice identifier="Choice4">`True` because every instance of a child class is also an instance of the parent class.</simpleChoice>
    </choiceInteraction>
  </itemBody>
  <responseDeclaration identifier="RESPONSE" cardinality="single" baseType="identifier">
    <correctResponse>
      <value>Choice4</value>
    </correctResponse>
  </responseDeclaration>
</assessmentItem>
