<?xml version='1.0' encoding='UTF-8'?>
<assessmentItem xmlns="http://www.imsglobal.org/xsd/imsqti_v2p1" identifier="q82" title="Question 82" adaptive="false" timeDependent="false">
  <itemBody>
    <p>What is the result of this program?

```
from collections import namedtuple

Point = namedtuple('Point', ['x', 'y'])
p = Point(3, 4)
p[1]
```</p>
    <choiceInteraction responseIdentifier="RESPONSE" maxChoices="1">
      <simpleChoice identifier="Choice1">`AttributeError` because the attributes of `p` are `x` and `y`.</simpleChoice>
      <simpleChoice identifier="Choice2">`IndexError` because the attributes of `p` are `x` and `y`.</simpleChoice>
      <simpleChoice identifier="Choice3">`3` because `p` is a `namedtuple` and the element with index `1` is `3`.</simpleChoice>
      <simpleChoice identifier="Choice4">`4` because `p` is a `namedtuple` and the element with index `1` is `4`.</simpleChoice>
    </choiceInteraction>
  </itemBody>
  <responseDeclaration identifier="RESPONSE" cardinality="single" baseType="identifier">
    <correctResponse>
      <value>Choice4</value>
    </correctResponse>
  </responseDeclaration>
</assessmentItem>
