<?xml version='1.0' encoding='UTF-8'?>
<assessmentItem xmlns="http://www.imsglobal.org/xsd/imsqti_v2p1" identifier="q83" title="Question 83" adaptive="false" timeDependent="false">
  <itemBody>
    <p>We can call the built-in function `round` like this:

```
import math

round(math.pi, ndigits=3)
```

The result is the value of `math.pi` round off to three decimal places.
Now suppose we have the positional argument in a tuple and the keyword argument in a dictionary, like this:

```
args = (math.pi,)
kwargs = {"ndigits": 3}
```

Which of these is a correct way to call `round` and get the same result?</p>
    <choiceInteraction responseIdentifier="RESPONSE" maxChoices="1">
      <simpleChoice identifier="Choice1">`round(args, kwargs)`</simpleChoice>
      <simpleChoice identifier="Choice2">`round(*args, *kwargs)`</simpleChoice>
      <simpleChoice identifier="Choice3">`round(**args, **kwargs)`</simpleChoice>
      <simpleChoice identifier="Choice4">`round(*args, **kwargs)`</simpleChoice>
    </choiceInteraction>
  </itemBody>
  <responseDeclaration identifier="RESPONSE" cardinality="single" baseType="identifier">
    <correctResponse>
      <value>Choice4</value>
    </correctResponse>
  </responseDeclaration>
</assessmentItem>
