<?xml version='1.0' encoding='UTF-8'?>
<assessmentItem xmlns="http://www.imsglobal.org/xsd/imsqti_v2p1" identifier="q84" title="Question 84" adaptive="false" timeDependent="false">
  <itemBody>
    <p></p>
    <choiceInteraction responseIdentifier="RESPONSE" maxChoices="1">
      <simpleChoice identifier="Choice1"></simpleChoice>
      <simpleChoice identifier="Choice2"></simpleChoice>
      <simpleChoice identifier="Choice3"></simpleChoice>
      <simpleChoice identifier="Choice4"></simpleChoice>
    </choiceInteraction>
  </itemBody>
  <responseDeclaration identifier="RESPONSE" cardinality="single" baseType="identifier">
    <correctResponse>
      <value>Choice1</value>
    </correctResponse>
  </responseDeclaration>
</assessmentItem>
