<?xml version='1.0' encoding='UTF-8'?>
<assessmentItem xmlns="http://www.imsglobal.org/xsd/imsqti_v2p1" identifier="q9" title="Question 9" adaptive="false" timeDependent="false">
  <itemBody>
    <p>When you define a function, what are the variables that appear in parentheses?</p>
    <choiceInteraction responseIdentifier="RESPONSE" maxChoices="1">
      <simpleChoice identifier="Choice1">arguments</simpleChoice>
      <simpleChoice identifier="Choice2">local variables</simpleChoice>
      <simpleChoice identifier="Choice3">function objects</simpleChoice>
      <simpleChoice identifier="Choice4">parameters</simpleChoice>
    </choiceInteraction>
  </itemBody>
  <responseDeclaration identifier="RESPONSE" cardinality="single" baseType="identifier">
    <correctResponse>
      <value>Choice4</value>
    </correctResponse>
  </responseDeclaration>
</assessmentItem>
